,latitude,longitude,hospital,bar,cafe,fast_food,college,kindergarten,school
0,51.203800000000044,6.752399999999999,1.0,2.0,1.0,5.0,1.0,3.0,0.0
1,51.203800000000044,6.757399999999999,1.0,2.0,8.0,6.0,2.0,6.0,2.0
2,51.208800000000046,6.752399999999999,1.0,3.0,3.0,4.0,0.0,3.0,0.0
3,51.208800000000046,6.757399999999999,1.0,3.0,12.0,5.0,0.0,7.0,0.0
4,51.23880000000006,6.842399999999997,2.0,0.0,0.0,0.0,0.0,1.0,0.0
5,51.23880000000006,6.847399999999997,2.0,0.0,0.0,0.0,0.0,1.0,1.0
6,51.243800000000064,6.842399999999997,2.0,0.0,0.0,0.0,0.0,0.0,0.0
7,51.243800000000064,6.847399999999997,1.0,0.0,0.0,0.0,0.0,0.0,0.0
8,51.188800000000036,6.802399999999998,1.0,0.0,1.0,0.0,0.0,1.0,0.0
9,51.188800000000036,6.807399999999998,1.0,0.0,2.0,3.0,0.0,3.0,3.0
10,51.19380000000004,6.802399999999998,1.0,0.0,1.0,0.0,0.0,2.0,3.0
11,51.19380000000004,6.807399999999998,1.0,0.0,0.0,1.0,0.0,2.0,3.0
12,51.29380000000009,6.742399999999999,1.0,0.0,0.0,0.0,0.0,4.0,1.0
13,51.29380000000009,6.747399999999999,1.0,0.0,0.0,0.0,0.0,0.0,0.0
14,51.29880000000009,6.742399999999999,1.0,0.0,0.0,0.0,0.0,3.0,2.0
15,51.29880000000009,6.747399999999999,1.0,0.0,0.0,0.0,0.0,0.0,0.0
16,51.168800000000026,6.8173999999999975,1.0,0.0,0.0,0.0,0.0,1.0,0.0
17,51.168800000000026,6.822399999999997,1.0,0.0,3.0,4.0,0.0,5.0,1.0
18,51.17380000000003,6.8173999999999975,1.0,0.0,0.0,2.0,0.0,3.0,1.0
19,51.17380000000003,6.822399999999997,1.0,0.0,3.0,5.0,0.0,7.0,1.0
20,51.14380000000001,6.8623999999999965,1.0,0.0,0.0,0.0,0.0,3.0,2.0
21,51.14380000000001,6.867399999999996,1.0,0.0,0.0,1.0,0.0,2.0,2.0
22,51.148800000000016,6.8623999999999965,1.0,0.0,0.0,0.0,0.0,1.0,1.0
23,51.148800000000016,6.867399999999996,1.0,0.0,0.0,1.0,0.0,2.0,1.0
24,51.22880000000006,6.812399999999998,2.0,1.0,2.0,2.0,0.0,4.0,2.0
25,51.22880000000006,6.8173999999999975,2.0,0.0,2.0,2.0,0.0,5.0,1.0
26,51.23380000000006,6.812399999999998,2.0,0.0,0.0,2.0,0.0,5.0,2.0
27,51.23380000000006,6.8173999999999975,2.0,0.0,1.0,4.0,0.0,5.0,2.0
28,51.23880000000006,6.837399999999997,1.0,0.0,0.0,0.0,0.0,1.0,0.0
29,51.243800000000064,6.837399999999997,1.0,0.0,0.0,0.0,0.0,0.0,0.0
30,51.23380000000006,6.847399999999997,1.0,0.0,1.0,1.0,0.0,3.0,3.0
31,51.23380000000006,6.852399999999997,1.0,0.0,5.0,3.0,0.0,3.0,9.0
32,51.23880000000006,6.852399999999997,1.0,0.0,0.0,0.0,0.0,1.0,6.0
33,51.24880000000007,6.752399999999999,1.0,0.0,0.0,0.0,0.0,2.0,3.0
34,51.24880000000007,6.757399999999999,1.0,0.0,0.0,3.0,0.0,2.0,3.0
35,51.25380000000007,6.752399999999999,1.0,0.0,0.0,2.0,0.0,1.0,2.0
36,51.25380000000007,6.757399999999999,1.0,0.0,0.0,0.0,0.0,1.0,2.0
37,51.29380000000009,6.842399999999997,1.0,3.0,8.0,4.0,0.0,2.0,4.0
38,51.29380000000009,6.847399999999997,1.0,2.0,9.0,4.0,0.0,3.0,3.0
39,51.29880000000009,6.842399999999997,1.0,0.0,0.0,1.0,0.0,1.0,0.0
40,51.29880000000009,6.847399999999997,1.0,0.0,0.0,1.0,0.0,2.0,1.0
41,51.22880000000006,6.777399999999998,1.0,2.0,8.0,7.0,0.0,3.0,1.0
42,51.22880000000006,6.782399999999998,1.0,2.0,5.0,6.0,0.0,5.0,4.0
43,51.23380000000006,6.777399999999998,1.0,3.0,15.0,15.0,0.0,3.0,5.0
44,51.23380000000006,6.782399999999998,2.0,2.0,8.0,11.0,0.0,4.0,7.0
45,51.15880000000002,6.932399999999995,1.0,1.0,6.0,3.0,0.0,2.0,1.0
46,51.15880000000002,6.937399999999995,1.0,0.0,0.0,1.0,0.0,0.0,0.0
47,51.16380000000002,6.932399999999995,1.0,1.0,9.0,4.0,0.0,3.0,1.0
48,51.16380000000002,6.937399999999995,1.0,0.0,1.0,1.0,0.0,0.0,0.0
49,51.23380000000006,6.787399999999998,1.0,0.0,5.0,6.0,0.0,4.0,3.0
50,51.23880000000006,6.782399999999998,1.0,2.0,6.0,13.0,1.0,4.0,5.0
51,51.23880000000006,6.787399999999998,1.0,0.0,3.0,6.0,2.0,4.0,1.0
52,51.323800000000105,6.812399999999998,1.0,0.0,1.0,0.0,0.0,0.0,0.0
53,51.323800000000105,6.8173999999999975,1.0,0.0,0.0,0.0,0.0,0.0,1.0
54,51.32880000000011,6.812399999999998,2.0,0.0,0.0,0.0,0.0,0.0,0.0
55,51.32880000000011,6.8173999999999975,1.0,0.0,0.0,0.0,0.0,0.0,1.0
56,51.25880000000007,6.8173999999999975,1.0,0.0,1.0,4.0,0.0,2.0,1.0
57,51.25880000000007,6.822399999999997,1.0,0.0,1.0,0.0,0.0,3.0,1.0
58,51.263800000000074,6.8173999999999975,1.0,0.0,1.0,1.0,0.0,3.0,1.0
59,51.263800000000074,6.822399999999997,1.0,0.0,1.0,0.0,0.0,3.0,1.0
60,51.18380000000003,6.6924,1.0,0.0,1.0,2.0,0.0,1.0,5.0
61,51.18380000000003,6.6974,1.0,0.0,0.0,1.0,0.0,1.0,0.0
62,51.188800000000036,6.6924,1.0,1.0,8.0,10.0,2.0,2.0,3.0
63,51.188800000000036,6.6974,1.0,0.0,0.0,0.0,0.0,1.0,0.0
64,51.34880000000012,6.932399999999995,1.0,0.0,0.0,0.0,0.0,0.0,0.0
65,51.34880000000012,6.937399999999995,1.0,0.0,0.0,0.0,0.0,0.0,0.0
66,51.35380000000012,6.932399999999995,1.0,0.0,0.0,0.0,0.0,0.0,0.0
67,51.35380000000012,6.937399999999995,1.0,0.0,0.0,0.0,0.0,0.0,0.0
68,51.32880000000011,6.807399999999998,1.0,0.0,0.0,0.0,0.0,0.0,0.0
69,51.33380000000011,6.807399999999998,1.0,0.0,0.0,0.0,0.0,0.0,0.0
70,51.33380000000011,6.812399999999998,1.0,0.0,0.0,0.0,0.0,0.0,0.0
71,51.203800000000044,6.7673999999999985,1.0,7.0,4.0,18.0,0.0,3.0,5.0
72,51.203800000000044,6.772399999999998,1.0,3.0,6.0,20.0,0.0,7.0,8.0
73,51.208800000000046,6.7673999999999985,1.0,5.0,9.0,12.0,0.0,3.0,5.0
74,51.208800000000046,6.772399999999998,1.0,2.0,10.0,13.0,0.0,7.0,6.0
75,51.29380000000009,6.727399999999999,1.0,0.0,1.0,0.0,0.0,2.0,1.0
76,51.29380000000009,6.732399999999999,1.0,0.0,4.0,2.0,0.0,2.0,3.0
77,51.29880000000009,6.727399999999999,1.0,0.0,1.0,0.0,0.0,2.0,1.0
78,51.29880000000009,6.732399999999999,1.0,0.0,4.0,2.0,0.0,2.0,2.0
79,51.223800000000054,6.7174,1.0,0.0,3.0,2.0,0.0,2.0,1.0
80,51.223800000000054,6.7223999999999995,1.0,0.0,0.0,1.0,0.0,0.0,0.0
81,51.22880000000006,6.7174,1.0,0.0,3.0,4.0,0.0,2.0,1.0
82,51.22880000000006,6.7223999999999995,1.0,0.0,2.0,2.0,0.0,0.0,0.0
83,51.188800000000036,6.782399999999998,1.0,0.0,0.0,1.0,0.0,3.0,1.0
84,51.188800000000036,6.787399999999998,1.0,0.0,3.0,1.0,0.0,1.0,1.0
85,51.19380000000004,6.782399999999998,1.0,1.0,3.0,4.0,0.0,3.0,2.0
86,51.19380000000004,6.787399999999998,1.0,0.0,1.0,2.0,0.0,3.0,2.0
87,51.29380000000009,6.852399999999997,1.0,0.0,1.0,4.0,0.0,2.0,2.0
88,51.29380000000009,6.857399999999997,1.0,0.0,0.0,4.0,0.0,2.0,0.0
89,51.29880000000009,6.852399999999997,1.0,0.0,0.0,3.0,0.0,1.0,1.0
90,51.29880000000009,6.857399999999997,1.0,0.0,0.0,2.0,0.0,1.0,0.0
91,51.208800000000046,6.787399999999998,0.0,2.0,11.0,5.0,0.0,3.0,5.0
92,51.208800000000046,6.792399999999998,0.0,1.0,9.0,3.0,0.0,8.0,4.0
93,51.21380000000005,6.787399999999998,0.0,3.0,20.0,23.0,2.0,1.0,4.0
94,51.21380000000005,6.792399999999998,0.0,2.0,16.0,16.0,1.0,5.0,5.0
95,51.19380000000004,6.6874,0.0,7.0,13.0,15.0,2.0,1.0,4.0
96,51.19380000000004,6.6924,0.0,2.0,10.0,10.0,2.0,2.0,3.0
97,51.19880000000004,6.6874,0.0,3.0,4.0,1.0,0.0,0.0,2.0
98,51.19880000000004,6.6924,0.0,1.0,2.0,0.0,0.0,0.0,1.0
99,51.15880000000002,6.927399999999995,0.0,3.0,12.0,5.0,0.0,3.0,1.0
100,51.16380000000002,6.927399999999995,0.0,3.0,14.0,6.0,0.0,4.0,5.0
101,51.22880000000006,6.787399999999998,0.0,1.0,4.0,6.0,0.0,5.0,3.0
102,51.21880000000005,6.807399999999998,0.0,1.0,8.0,6.0,0.0,2.0,1.0
103,51.21880000000005,6.812399999999998,0.0,1.0,3.0,2.0,0.0,1.0,1.0
104,51.223800000000054,6.807399999999998,0.0,2.0,10.0,5.0,0.0,6.0,2.0
105,51.223800000000054,6.812399999999998,0.0,2.0,4.0,3.0,0.0,3.0,2.0
106,51.208800000000046,6.852399999999997,0.0,1.0,1.0,0.0,0.0,4.0,2.0
107,51.208800000000046,6.857399999999997,0.0,1.0,1.0,1.0,0.0,3.0,2.0
108,51.188800000000036,6.6874,0.0,4.0,9.0,16.0,2.0,1.0,3.0
109,51.25380000000007,6.802399999999998,0.0,1.0,2.0,3.0,0.0,2.0,4.0
110,51.25380000000007,6.807399999999998,0.0,1.0,3.0,4.0,0.0,3.0,5.0
111,51.25880000000007,6.802399999999998,0.0,1.0,2.0,3.0,0.0,3.0,3.0
112,51.25880000000007,6.807399999999998,0.0,1.0,3.0,4.0,0.0,1.0,4.0
113,51.23380000000006,6.797399999999998,0.0,2.0,5.0,6.0,0.0,5.0,2.0
114,51.208800000000046,6.797399999999998,0.0,1.0,5.0,5.0,1.0,8.0,5.0
115,51.21380000000005,6.797399999999998,0.0,2.0,6.0,4.0,1.0,5.0,3.0
116,51.28880000000009,6.842399999999997,0.0,3.0,8.0,4.0,0.0,2.0,5.0
117,51.28880000000009,6.847399999999997,0.0,2.0,9.0,5.0,0.0,2.0,5.0
118,51.28880000000009,6.837399999999997,0.0,1.0,0.0,2.0,0.0,1.0,5.0
119,51.23880000000006,6.777399999999998,0.0,3.0,11.0,14.0,0.0,5.0,8.0
120,51.243800000000064,6.777399999999998,0.0,1.0,3.0,7.0,0.0,7.0,4.0
121,51.243800000000064,6.782399999999998,0.0,1.0,4.0,7.0,1.0,4.0,1.0
122,51.16380000000002,6.922399999999995,0.0,2.0,7.0,4.0,0.0,1.0,5.0
123,51.19880000000004,6.7673999999999985,0.0,2.0,2.0,8.0,0.0,4.0,2.0
124,51.19880000000004,6.772399999999998,0.0,2.0,3.0,12.0,0.0,5.0,5.0
125,51.29380000000009,6.837399999999997,0.0,1.0,0.0,1.0,0.0,0.0,4.0
126,51.23380000000006,6.772399999999998,0.0,1.0,12.0,9.0,0.0,3.0,2.0
127,51.23880000000006,6.772399999999998,0.0,1.0,9.0,7.0,0.0,6.0,6.0
128,51.21880000000005,6.787399999999998,0.0,1.0,18.0,28.0,2.0,2.0,3.0
129,51.21880000000005,6.792399999999998,0.0,3.0,10.0,21.0,1.0,1.0,3.0
130,51.19880000000004,6.777399999999998,0.0,1.0,4.0,7.0,0.0,3.0,3.0
131,51.203800000000044,6.777399999999998,0.0,2.0,6.0,12.0,0.0,7.0,7.0
132,51.19380000000004,6.777399999999998,0.0,1.0,4.0,4.0,0.0,4.0,4.0
133,51.188800000000036,6.6824,0.0,3.0,2.0,9.0,0.0,1.0,3.0
134,51.19380000000004,6.6824,0.0,5.0,9.0,20.0,0.0,3.0,6.0
135,51.19880000000004,6.6824,0.0,2.0,7.0,14.0,0.0,2.0,3.0
136,51.23880000000006,6.7673999999999985,0.0,1.0,1.0,0.0,0.0,4.0,2.0
137,51.243800000000064,6.7673999999999985,0.0,1.0,0.0,0.0,2.0,3.0,1.0
138,51.19880000000004,6.782399999999998,0.0,1.0,3.0,4.0,0.0,3.0,5.0
139,51.203800000000044,6.782399999999998,0.0,2.0,5.0,4.0,0.0,4.0,7.0
140,51.208800000000046,6.782399999999998,0.0,6.0,10.0,8.0,1.0,2.0,5.0
141,51.21880000000005,6.797399999999998,0.0,4.0,6.0,6.0,0.0,5.0,3.0
142,51.21880000000005,6.802399999999998,0.0,1.0,8.0,9.0,0.0,5.0,2.0
143,51.223800000000054,6.797399999999998,0.0,2.0,4.0,6.0,0.0,4.0,4.0
144,51.223800000000054,6.802399999999998,0.0,1.0,8.0,5.0,0.0,7.0,3.0
145,51.208800000000046,6.777399999999998,0.0,5.0,10.0,11.0,1.0,6.0,7.0
146,51.203800000000044,6.852399999999997,0.0,1.0,1.0,0.0,0.0,3.0,1.0
147,51.203800000000044,6.797399999999998,0.0,1.0,1.0,4.0,0.0,6.0,3.0
148,51.203800000000044,6.802399999999998,0.0,1.0,7.0,4.0,0.0,6.0,4.0
149,51.208800000000046,6.802399999999998,0.0,1.0,9.0,5.0,1.0,3.0,4.0
150,51.22880000000006,6.807399999999998,0.0,1.0,4.0,1.0,0.0,5.0,2.0
151,51.203800000000044,6.807399999999998,0.0,1.0,6.0,2.0,0.0,3.0,1.0
152,51.208800000000046,6.807399999999998,0.0,1.0,5.0,2.0,0.0,2.0,1.0
153,51.21380000000005,6.777399999999998,0.0,4.0,14.0,8.0,1.0,5.0,2.0
154,51.21380000000005,6.782399999999998,0.0,6.0,13.0,14.0,2.0,3.0,2.0
155,51.223800000000054,6.782399999999998,0.0,1.0,11.0,7.0,0.0,6.0,2.0
156,51.223800000000054,6.787399999999998,0.0,1.0,8.0,11.0,0.0,5.0,3.0
157,51.22880000000006,6.737399999999999,0.0,1.0,2.0,3.0,0.0,0.0,2.0
158,51.22880000000006,6.742399999999999,0.0,1.0,5.0,4.0,0.0,1.0,4.0
159,51.223800000000054,6.792399999999998,0.0,1.0,4.0,9.0,0.0,2.0,3.0
160,51.208800000000046,6.762399999999999,0.0,6.0,13.0,8.0,0.0,5.0,4.0
161,51.21380000000005,6.762399999999999,0.0,1.0,8.0,1.0,0.0,4.0,2.0
162,51.203800000000044,6.762399999999999,0.0,6.0,8.0,8.0,1.0,3.0,5.0
163,51.21380000000005,6.772399999999998,0.0,1.0,19.0,10.0,0.0,4.0,3.0
164,51.21880000000005,6.782399999999998,0.0,2.0,18.0,15.0,1.0,6.0,1.0
165,51.21880000000005,6.762399999999999,0.0,7.0,9.0,1.0,0.0,1.0,1.0
166,51.21880000000005,6.7673999999999985,0.0,15.0,34.0,28.0,1.0,3.0,2.0
167,51.23880000000006,6.6924,0.0,1.0,0.0,4.0,0.0,1.0,1.0
168,51.23880000000006,6.6974,0.0,1.0,0.0,4.0,0.0,1.0,1.0
169,51.243800000000064,6.6924,0.0,1.0,2.0,3.0,0.0,1.0,1.0
170,51.243800000000064,6.6974,0.0,1.0,0.0,3.0,0.0,1.0,1.0
171,51.323800000000105,6.822399999999997,0.0,1.0,1.0,1.0,0.0,0.0,2.0
172,51.323800000000105,6.827399999999997,0.0,1.0,1.0,1.0,0.0,0.0,1.0
173,51.32880000000011,6.822399999999997,0.0,1.0,1.0,3.0,0.0,1.0,3.0
174,51.32880000000011,6.827399999999997,0.0,1.0,2.0,4.0,0.0,1.0,2.0
175,51.223800000000054,6.7673999999999985,0.0,19.0,25.0,21.0,2.0,2.0,1.0
176,51.223800000000054,6.772399999999998,0.0,16.0,26.0,20.0,2.0,2.0,1.0
177,51.22880000000006,6.7673999999999985,0.0,4.0,1.0,1.0,1.0,0.0,1.0
178,51.22880000000006,6.772399999999998,0.0,5.0,5.0,6.0,1.0,1.0,1.0
179,51.21880000000005,6.772399999999998,0.0,11.0,39.0,27.0,1.0,2.0,2.0
180,51.21880000000005,6.777399999999998,0.0,3.0,20.0,7.0,0.0,4.0,1.0
181,51.203800000000044,6.747399999999999,0.0,2.0,0.0,1.0,0.0,0.0,0.0
182,51.208800000000046,6.747399999999999,0.0,2.0,2.0,2.0,0.0,0.0,0.0
183,51.223800000000054,6.737399999999999,0.0,1.0,2.0,2.0,0.0,0.0,0.0
184,51.223800000000054,6.742399999999999,0.0,1.0,5.0,4.0,0.0,0.0,0.0
185,51.223800000000054,6.762399999999999,0.0,6.0,7.0,1.0,0.0,0.0,0.0
186,51.23380000000006,6.792399999999998,0.0,2.0,6.0,7.0,0.0,4.0,0.0
187,51.23880000000006,6.792399999999998,0.0,2.0,1.0,5.0,1.0,3.0,0.0
188,51.23880000000006,6.797399999999998,0.0,2.0,1.0,5.0,0.0,2.0,0.0
189,51.203800000000044,6.857399999999997,0.0,1.0,1.0,0.0,0.0,1.0,0.0
190,51.21380000000005,6.757399999999999,0.0,2.0,6.0,2.0,0.0,3.0,0.0
191,51.21880000000005,6.757399999999999,0.0,1.0,1.0,0.0,0.0,0.0,0.0
192,51.203800000000044,6.792399999999998,0.0,1.0,0.0,2.0,0.0,3.0,0.0
193,51.21380000000005,6.752399999999999,0.0,2.0,3.0,3.0,0.0,1.0,0.0
194,51.15880000000002,6.922399999999995,0.0,2.0,7.0,4.0,0.0,1.0,0.0
195,51.23880000000006,6.762399999999999,0.0,1.0,0.0,0.0,0.0,2.0,0.0
196,51.243800000000064,6.762399999999999,0.0,1.0,0.0,3.0,1.0,2.0,0.0
197,51.223800000000054,6.777399999999998,0.0,3.0,13.0,2.0,0.0,2.0,0.0
198,51.19880000000004,6.747399999999999,0.0,1.0,1.0,1.0,0.0,0.0,0.0
199,51.19880000000004,6.752399999999999,0.0,1.0,2.0,4.0,1.0,1.0,0.0
200,51.21380000000005,6.747399999999999,0.0,1.0,2.0,2.0,0.0,0.0,0.0
201,51.243800000000064,6.727399999999999,0.0,1.0,1.0,0.0,0.0,0.0,0.0
202,51.243800000000064,6.732399999999999,0.0,1.0,1.0,1.0,0.0,0.0,0.0
203,51.24880000000007,6.727399999999999,0.0,1.0,1.0,0.0,0.0,0.0,0.0
204,51.24880000000007,6.732399999999999,0.0,1.0,1.0,0.0,0.0,0.0,0.0
205,51.16380000000002,6.902399999999996,0.0,0.0,1.0,1.0,0.0,0.0,2.0
206,51.168800000000026,6.902399999999996,0.0,0.0,1.0,0.0,0.0,0.0,1.0
207,51.13380000000001,6.887399999999996,0.0,0.0,2.0,2.0,0.0,0.0,3.0
208,51.13380000000001,6.892399999999996,0.0,0.0,2.0,3.0,0.0,2.0,4.0
209,51.13880000000001,6.887399999999996,0.0,0.0,2.0,2.0,0.0,3.0,4.0
210,51.13880000000001,6.892399999999996,0.0,0.0,4.0,3.0,0.0,1.0,4.0
211,51.29380000000009,6.8623999999999965,0.0,0.0,2.0,1.0,0.0,3.0,3.0
212,51.29380000000009,6.867399999999996,0.0,0.0,2.0,1.0,0.0,2.0,3.0
213,51.17880000000003,6.6874,0.0,0.0,1.0,4.0,0.0,2.0,9.0
214,51.203800000000044,6.812399999999998,0.0,0.0,1.0,1.0,0.0,3.0,1.0
215,51.203800000000044,6.8173999999999975,0.0,0.0,3.0,0.0,0.0,4.0,1.0
216,51.208800000000046,6.8173999999999975,0.0,0.0,2.0,2.0,0.0,0.0,1.0
217,51.21380000000005,6.902399999999996,0.0,0.0,2.0,2.0,0.0,2.0,1.0
218,51.203800000000044,6.832399999999997,0.0,0.0,1.0,2.0,0.0,4.0,3.0
219,51.21380000000005,6.857399999999997,0.0,0.0,2.0,4.0,0.0,3.0,2.0
220,51.19880000000004,6.802399999999998,0.0,0.0,1.0,0.0,0.0,4.0,3.0
221,51.19880000000004,6.807399999999998,0.0,0.0,1.0,0.0,0.0,2.0,3.0
222,51.18380000000003,6.807399999999998,0.0,0.0,2.0,2.0,0.0,3.0,3.0
223,51.18380000000003,6.812399999999998,0.0,0.0,7.0,9.0,0.0,5.0,3.0
224,51.188800000000036,6.812399999999998,0.0,0.0,2.0,3.0,0.0,3.0,3.0
225,51.22880000000006,6.797399999999998,0.0,0.0,4.0,4.0,0.0,3.0,4.0
226,51.22880000000006,6.802399999999998,0.0,0.0,2.0,1.0,0.0,5.0,4.0
227,51.14380000000001,6.727399999999999,0.0,0.0,1.0,0.0,0.0,1.0,4.0
228,51.14380000000001,6.732399999999999,0.0,0.0,1.0,0.0,0.0,1.0,4.0
229,51.148800000000016,6.727399999999999,0.0,0.0,1.0,3.0,0.0,1.0,5.0
230,51.148800000000016,6.732399999999999,0.0,0.0,1.0,2.0,0.0,1.0,4.0
231,51.1238,6.777399999999998,0.0,0.0,1.0,0.0,0.0,5.0,2.0
232,51.29380000000009,6.737399999999999,0.0,0.0,3.0,2.0,0.0,4.0,3.0
233,51.29880000000009,6.737399999999999,0.0,0.0,3.0,2.0,0.0,3.0,3.0
234,51.15880000000002,6.8623999999999965,0.0,0.0,3.0,0.0,0.0,2.0,7.0
235,51.16380000000002,6.8623999999999965,0.0,0.0,1.0,0.0,0.0,2.0,7.0
236,51.15880000000002,6.867399999999996,0.0,0.0,13.0,3.0,0.0,3.0,4.0
237,51.16380000000002,6.867399999999996,0.0,0.0,6.0,3.0,0.0,2.0,4.0
238,51.168800000000026,6.927399999999995,0.0,0.0,2.0,1.0,0.0,2.0,7.0
239,51.33380000000011,6.827399999999997,0.0,0.0,1.0,4.0,0.0,3.0,4.0
240,51.243800000000064,6.772399999999998,0.0,0.0,2.0,4.0,1.0,5.0,4.0
241,51.19380000000004,6.772399999999998,0.0,0.0,3.0,3.0,0.0,3.0,4.0
242,51.188800000000036,6.772399999999998,0.0,0.0,1.0,0.0,0.0,2.0,2.0
243,51.188800000000036,6.777399999999998,0.0,0.0,1.0,1.0,0.0,5.0,2.0
244,51.22880000000006,6.852399999999997,0.0,0.0,5.0,4.0,0.0,4.0,4.0
245,51.22880000000006,6.857399999999997,0.0,0.0,4.0,4.0,0.0,4.0,2.0
246,51.23380000000006,6.857399999999997,0.0,0.0,4.0,3.0,0.0,1.0,8.0
247,51.19880000000004,6.827399999999997,0.0,0.0,3.0,7.0,0.0,5.0,3.0
248,51.19880000000004,6.832399999999997,0.0,0.0,3.0,5.0,0.0,5.0,3.0
249,51.203800000000044,6.827399999999997,0.0,0.0,5.0,6.0,0.0,4.0,2.0
250,51.13380000000001,6.897399999999996,0.0,0.0,1.0,1.0,0.0,4.0,2.0
251,51.13380000000001,6.902399999999996,0.0,0.0,1.0,0.0,0.0,5.0,1.0
252,51.13880000000001,6.897399999999996,0.0,0.0,3.0,1.0,0.0,6.0,3.0
253,51.13880000000001,6.902399999999996,0.0,0.0,1.0,0.0,0.0,5.0,2.0
254,51.22880000000006,6.847399999999997,0.0,0.0,1.0,1.0,0.0,3.0,3.0
255,51.19380000000004,6.842399999999997,0.0,0.0,2.0,1.0,0.0,3.0,3.0
256,51.19380000000004,6.757399999999999,0.0,0.0,1.0,1.0,0.0,1.0,2.0
257,51.19380000000004,6.762399999999999,0.0,0.0,4.0,3.0,0.0,1.0,1.0
258,51.19880000000004,6.757399999999999,0.0,0.0,2.0,4.0,2.0,3.0,3.0
259,51.19880000000004,6.762399999999999,0.0,0.0,2.0,2.0,1.0,2.0,3.0
260,51.19380000000004,6.837399999999997,0.0,0.0,4.0,2.0,0.0,3.0,1.0
261,51.19880000000004,6.837399999999997,0.0,0.0,4.0,3.0,0.0,3.0,2.0
262,51.19880000000004,6.842399999999997,0.0,0.0,2.0,1.0,0.0,2.0,1.0
263,51.17880000000003,6.6924,0.0,0.0,1.0,2.0,0.0,1.0,5.0
264,51.18380000000003,6.6874,0.0,0.0,1.0,5.0,0.0,1.0,5.0
265,51.223800000000054,6.6974,0.0,0.0,1.0,6.0,0.0,2.0,1.0
266,51.223800000000054,6.7024,0.0,0.0,1.0,1.0,0.0,1.0,1.0
267,51.19880000000004,6.787399999999998,0.0,0.0,1.0,2.0,0.0,3.0,5.0
268,51.203800000000044,6.787399999999998,0.0,0.0,2.0,1.0,0.0,2.0,6.0
269,51.14380000000001,6.892399999999996,0.0,0.0,2.0,2.0,0.0,2.0,2.0
270,51.14380000000001,6.897399999999996,0.0,0.0,2.0,1.0,0.0,5.0,3.0
271,51.168800000000026,6.827399999999997,0.0,0.0,4.0,7.0,0.0,5.0,2.0
272,51.17380000000003,6.827399999999997,0.0,0.0,4.0,7.0,0.0,5.0,1.0
273,51.21880000000005,6.857399999999997,0.0,0.0,5.0,5.0,0.0,1.0,1.0
274,51.223800000000054,6.857399999999997,0.0,0.0,3.0,3.0,0.0,4.0,1.0
275,51.22880000000006,6.727399999999999,0.0,0.0,4.0,3.0,0.0,1.0,1.0
276,51.22880000000006,6.732399999999999,0.0,0.0,2.0,3.0,0.0,1.0,1.0
277,51.23380000000006,6.727399999999999,0.0,0.0,5.0,5.0,0.0,2.0,2.0
278,51.23380000000006,6.732399999999999,0.0,0.0,2.0,5.0,0.0,3.0,2.0
279,51.17880000000003,6.7074,0.0,0.0,1.0,3.0,0.0,1.0,2.0
280,51.17880000000003,6.7124,0.0,0.0,1.0,1.0,0.0,2.0,2.0
281,51.243800000000064,6.6824,0.0,0.0,1.0,0.0,0.0,0.0,2.0
282,51.243800000000064,6.6874,0.0,0.0,3.0,0.0,0.0,0.0,2.0
283,51.24880000000007,6.6824,0.0,0.0,1.0,0.0,0.0,0.0,2.0
284,51.24880000000007,6.6874,0.0,0.0,3.0,0.0,0.0,0.0,2.0
285,51.19880000000004,6.822399999999997,0.0,0.0,2.0,4.0,0.0,4.0,1.0
286,51.203800000000044,6.822399999999997,0.0,0.0,6.0,5.0,0.0,5.0,1.0
287,51.223800000000054,6.8173999999999975,0.0,0.0,1.0,1.0,0.0,4.0,2.0
288,51.21880000000005,6.8173999999999975,0.0,0.0,1.0,0.0,0.0,1.0,1.0
289,51.21880000000005,6.822399999999997,0.0,0.0,1.0,0.0,0.0,1.0,1.0
290,51.223800000000054,6.822399999999997,0.0,0.0,1.0,1.0,0.0,3.0,1.0
291,51.17380000000003,6.7074,0.0,0.0,1.0,1.0,0.0,2.0,1.0
292,51.17380000000003,6.7124,0.0,0.0,1.0,1.0,0.0,2.0,1.0
293,51.21380000000005,6.802399999999998,0.0,0.0,5.0,6.0,1.0,1.0,1.0
294,51.23880000000006,6.727399999999999,0.0,0.0,1.0,2.0,0.0,1.0,1.0
295,51.148800000000016,6.7223999999999995,0.0,0.0,1.0,1.0,0.0,2.0,2.0
296,51.15380000000002,6.7223999999999995,0.0,0.0,1.0,1.0,0.0,2.0,1.0
297,51.148800000000016,6.897399999999996,0.0,0.0,1.0,0.0,0.0,2.0,1.0
298,51.17880000000003,6.812399999999998,0.0,0.0,5.0,8.0,0.0,4.0,1.0
299,51.17880000000003,6.8173999999999975,0.0,0.0,6.0,10.0,0.0,7.0,3.0
300,51.17380000000003,6.857399999999997,0.0,0.0,4.0,4.0,0.0,4.0,4.0
301,51.17380000000003,6.8623999999999965,0.0,0.0,2.0,2.0,0.0,5.0,3.0
302,51.17880000000003,6.857399999999997,0.0,0.0,5.0,4.0,0.0,5.0,2.0
303,51.17880000000003,6.8623999999999965,0.0,0.0,2.0,2.0,0.0,5.0,2.0
304,51.19380000000004,6.8173999999999975,0.0,0.0,1.0,1.0,0.0,1.0,1.0
305,51.19880000000004,6.812399999999998,0.0,0.0,1.0,0.0,0.0,3.0,1.0
306,51.19880000000004,6.8173999999999975,0.0,0.0,1.0,0.0,0.0,5.0,1.0
307,51.15880000000002,6.872399999999996,0.0,0.0,10.0,4.0,0.0,1.0,1.0
308,51.16380000000002,6.872399999999996,0.0,0.0,5.0,3.0,0.0,0.0,1.0
309,51.17880000000003,6.822399999999997,0.0,0.0,1.0,3.0,0.0,8.0,2.0
310,51.18380000000003,6.8173999999999975,0.0,0.0,6.0,8.0,0.0,5.0,2.0
311,51.18380000000003,6.822399999999997,0.0,0.0,1.0,1.0,0.0,3.0,2.0
312,51.16380000000002,6.917399999999995,0.0,0.0,2.0,1.0,0.0,0.0,1.0
313,51.17380000000003,6.922399999999995,0.0,0.0,2.0,1.0,0.0,0.0,3.0
314,51.17380000000003,6.917399999999995,0.0,0.0,2.0,1.0,0.0,1.0,1.0
315,51.17880000000003,6.917399999999995,0.0,0.0,2.0,0.0,0.0,1.0,1.0
316,51.21380000000005,6.6874,0.0,0.0,1.0,6.0,0.0,2.0,2.0
317,51.28880000000009,6.852399999999997,0.0,0.0,1.0,4.0,0.0,3.0,4.0
318,51.15880000000002,6.6824,0.0,0.0,1.0,2.0,0.0,3.0,4.0
319,51.16380000000002,6.6824,0.0,0.0,1.0,7.0,0.0,3.0,4.0
320,51.19380000000004,6.752399999999999,0.0,0.0,1.0,0.0,0.0,0.0,1.0
321,51.343800000000115,6.777399999999998,0.0,0.0,1.0,0.0,0.0,1.0,4.0
322,51.23380000000006,6.742399999999999,0.0,0.0,1.0,0.0,0.0,3.0,4.0
323,51.223800000000054,6.747399999999999,0.0,0.0,3.0,2.0,0.0,3.0,1.0
324,51.223800000000054,6.752399999999999,0.0,0.0,1.0,0.0,0.0,3.0,2.0
325,51.22880000000006,6.747399999999999,0.0,0.0,3.0,2.0,0.0,5.0,4.0
326,51.22880000000006,6.752399999999999,0.0,0.0,1.0,0.0,0.0,4.0,3.0
327,51.223800000000054,6.757399999999999,0.0,0.0,1.0,0.0,0.0,0.0,1.0
328,51.22880000000006,6.757399999999999,0.0,0.0,1.0,0.0,0.0,0.0,1.0
329,51.23380000000006,6.6824,0.0,0.0,2.0,0.0,0.0,0.0,2.0
330,51.23380000000006,6.747399999999999,0.0,0.0,1.0,0.0,0.0,4.0,3.0
331,51.168800000000026,6.832399999999997,0.0,0.0,1.0,3.0,0.0,2.0,1.0
332,51.188800000000036,6.762399999999999,0.0,0.0,2.0,2.0,0.0,1.0,1.0
333,51.188800000000036,6.7673999999999985,0.0,0.0,2.0,2.0,0.0,1.0,1.0
334,51.21380000000005,6.7673999999999985,0.0,0.0,15.0,9.0,0.0,4.0,4.0
335,51.21880000000005,6.902399999999996,0.0,0.0,2.0,2.0,0.0,1.0,3.0
336,51.23380000000006,6.822399999999997,0.0,0.0,1.0,3.0,0.0,5.0,1.0
337,51.168800000000026,6.852399999999997,0.0,0.0,1.0,3.0,0.0,3.0,1.0
338,51.17380000000003,6.852399999999997,0.0,0.0,4.0,5.0,0.0,3.0,1.0
339,51.18380000000003,6.852399999999997,0.0,0.0,1.0,1.0,0.0,3.0,1.0
340,51.18380000000003,6.857399999999997,0.0,0.0,1.0,0.0,0.0,6.0,1.0
341,51.23380000000006,6.6874,0.0,0.0,1.0,0.0,0.0,0.0,1.0
342,51.23880000000006,6.6824,0.0,0.0,2.0,0.0,0.0,0.0,1.0
343,51.223800000000054,6.7124,0.0,0.0,3.0,1.0,0.0,2.0,1.0
344,51.22880000000006,6.7124,0.0,0.0,3.0,3.0,0.0,2.0,1.0
345,51.21380000000005,6.9073999999999955,0.0,0.0,3.0,2.0,0.0,5.0,2.0
346,51.21380000000005,6.912399999999995,0.0,0.0,1.0,0.0,0.0,4.0,2.0
347,51.21880000000005,6.9073999999999955,0.0,0.0,3.0,2.0,0.0,3.0,3.0
348,51.21880000000005,6.912399999999995,0.0,0.0,1.0,0.0,0.0,2.0,1.0
349,51.26880000000008,6.777399999999998,0.0,0.0,1.0,1.0,0.0,3.0,2.0
350,51.26880000000008,6.782399999999998,0.0,0.0,1.0,0.0,0.0,2.0,2.0
351,51.27380000000008,6.777399999999998,0.0,0.0,1.0,1.0,0.0,2.0,2.0
352,51.27380000000008,6.782399999999998,0.0,0.0,1.0,0.0,0.0,2.0,2.0
353,51.16380000000002,6.7174,0.0,0.0,1.0,0.0,0.0,3.0,1.0
354,51.16380000000002,6.7223999999999995,0.0,0.0,1.0,0.0,0.0,3.0,1.0
355,51.29880000000009,6.812399999999998,0.0,0.0,1.0,0.0,0.0,0.0,1.0
356,51.303800000000095,6.812399999999998,0.0,0.0,2.0,2.0,0.0,0.0,1.0
357,51.303800000000095,6.8173999999999975,0.0,0.0,1.0,2.0,0.0,0.0,1.0
358,51.23380000000006,6.7673999999999985,0.0,0.0,1.0,0.0,0.0,1.0,1.0
359,51.22880000000006,6.792399999999998,0.0,0.0,6.0,5.0,0.0,3.0,1.0
360,51.148800000000016,6.6924,0.0,0.0,1.0,0.0,0.0,5.0,1.0
361,51.15380000000002,6.6924,0.0,0.0,1.0,0.0,0.0,4.0,1.0
362,51.13380000000001,6.6974,0.0,0.0,1.0,0.0,0.0,1.0,1.0
363,51.323800000000105,6.897399999999996,0.0,0.0,1.0,0.0,0.0,0.0,3.0
364,51.323800000000105,6.902399999999996,0.0,0.0,2.0,0.0,0.0,0.0,4.0
365,51.32880000000011,6.902399999999996,0.0,0.0,1.0,0.0,0.0,0.0,4.0
366,51.323800000000105,6.9073999999999955,0.0,0.0,1.0,0.0,0.0,0.0,1.0
367,51.32880000000011,6.9073999999999955,0.0,0.0,1.0,0.0,0.0,1.0,1.0
368,51.323800000000105,6.777399999999998,0.0,0.0,1.0,0.0,0.0,1.0,1.0
369,51.17880000000003,6.922399999999995,0.0,0.0,2.0,0.0,0.0,0.0,2.0
370,51.18380000000003,6.927399999999995,0.0,0.0,1.0,0.0,0.0,0.0,1.0
371,51.188800000000036,6.827399999999997,0.0,0.0,1.0,2.0,0.0,0.0,1.0
372,51.188800000000036,6.832399999999997,0.0,0.0,1.0,2.0,0.0,2.0,1.0
373,51.15380000000002,6.902399999999996,0.0,0.0,1.0,1.0,0.0,1.0,1.0
374,51.19380000000004,6.827399999999997,0.0,0.0,1.0,4.0,0.0,2.0,1.0
375,51.19380000000004,6.832399999999997,0.0,0.0,3.0,5.0,0.0,3.0,1.0
376,51.168800000000026,6.932399999999995,0.0,0.0,3.0,3.0,0.0,2.0,1.0
377,51.208800000000046,6.6874,0.0,0.0,1.0,4.0,0.0,1.0,1.0
378,51.208800000000046,6.6924,0.0,0.0,1.0,3.0,0.0,1.0,1.0
379,51.21380000000005,6.6924,0.0,0.0,1.0,5.0,0.0,1.0,1.0
380,51.148800000000016,6.7174,0.0,0.0,1.0,1.0,0.0,2.0,1.0
381,51.15380000000002,6.872399999999996,0.0,0.0,5.0,2.0,0.0,2.0,1.0
382,51.25380000000007,6.812399999999998,0.0,0.0,1.0,5.0,0.0,4.0,1.0
383,51.25880000000007,6.812399999999998,0.0,0.0,1.0,6.0,0.0,0.0,1.0
384,51.208800000000046,6.822399999999997,0.0,0.0,4.0,3.0,0.0,1.0,0.0
385,51.208800000000046,6.827399999999997,0.0,0.0,2.0,1.0,0.0,3.0,0.0
386,51.21380000000005,6.807399999999998,0.0,0.0,2.0,2.0,0.0,0.0,0.0
387,51.15380000000002,6.867399999999996,0.0,0.0,7.0,1.0,0.0,1.0,0.0
388,51.16380000000002,6.897399999999996,0.0,0.0,1.0,1.0,0.0,0.0,0.0
389,51.168800000000026,6.897399999999996,0.0,0.0,1.0,0.0,0.0,0.0,0.0
390,51.24880000000007,6.6924,0.0,0.0,2.0,0.0,0.0,0.0,0.0
391,51.15380000000002,6.8623999999999965,0.0,0.0,2.0,0.0,0.0,0.0,0.0
392,51.19380000000004,6.9073999999999955,0.0,0.0,1.0,1.0,0.0,0.0,0.0
393,51.19380000000004,6.912399999999995,0.0,0.0,1.0,2.0,0.0,0.0,0.0
394,51.19880000000004,6.9073999999999955,0.0,0.0,1.0,0.0,0.0,0.0,0.0
395,51.19880000000004,6.912399999999995,0.0,0.0,1.0,0.0,0.0,0.0,0.0
396,51.21380000000005,6.8623999999999965,0.0,0.0,2.0,4.0,0.0,2.0,0.0
397,51.21880000000005,6.8623999999999965,0.0,0.0,5.0,4.0,0.0,2.0,0.0
398,51.223800000000054,6.8623999999999965,0.0,0.0,3.0,1.0,0.0,3.0,0.0
399,51.17880000000003,6.852399999999997,0.0,0.0,4.0,2.0,0.0,2.0,0.0
400,51.21380000000005,6.812399999999998,0.0,0.0,1.0,0.0,0.0,0.0,0.0
401,51.19380000000004,6.7673999999999985,0.0,0.0,4.0,3.0,0.0,1.0,0.0
402,51.17880000000003,6.787399999999998,0.0,0.0,3.0,0.0,0.0,0.0,0.0
403,51.17880000000003,6.792399999999998,0.0,0.0,3.0,0.0,0.0,0.0,0.0
404,51.18380000000003,6.787399999999998,0.0,0.0,6.0,1.0,0.0,1.0,0.0
405,51.18380000000003,6.792399999999998,0.0,0.0,6.0,1.0,0.0,2.0,0.0
406,51.148800000000016,6.6874,0.0,0.0,1.0,0.0,0.0,2.0,0.0
407,51.15380000000002,6.6874,0.0,0.0,1.0,0.0,0.0,1.0,0.0
408,51.27880000000008,6.777399999999998,0.0,0.0,1.0,2.0,0.0,0.0,0.0
409,51.27880000000008,6.782399999999998,0.0,0.0,1.0,0.0,0.0,1.0,0.0
410,51.283800000000085,6.777399999999998,0.0,0.0,1.0,1.0,0.0,0.0,0.0
411,51.283800000000085,6.782399999999998,0.0,0.0,1.0,0.0,0.0,0.0,0.0
412,51.243800000000064,6.792399999999998,0.0,0.0,1.0,4.0,1.0,1.0,0.0
413,51.243800000000064,6.797399999999998,0.0,0.0,1.0,3.0,0.0,2.0,0.0
414,51.24880000000007,6.792399999999998,0.0,0.0,1.0,4.0,0.0,0.0,0.0
415,51.24880000000007,6.797399999999998,0.0,0.0,1.0,3.0,0.0,2.0,0.0
416,51.17380000000003,6.832399999999997,0.0,0.0,1.0,3.0,0.0,0.0,0.0
417,51.168800000000026,6.847399999999997,0.0,0.0,1.0,3.0,0.0,0.0,0.0
418,51.17380000000003,6.847399999999997,0.0,0.0,2.0,3.0,0.0,0.0,0.0
419,51.3188000000001,6.897399999999996,0.0,0.0,1.0,0.0,0.0,0.0,0.0
420,51.3188000000001,6.902399999999996,0.0,0.0,1.0,0.0,0.0,0.0,0.0
421,51.188800000000036,6.8173999999999975,0.0,0.0,1.0,1.0,0.0,1.0,0.0
422,51.188800000000036,6.822399999999997,0.0,0.0,1.0,1.0,0.0,0.0,0.0
423,51.19380000000004,6.822399999999997,0.0,0.0,1.0,1.0,0.0,0.0,0.0
424,51.19380000000004,6.7124,0.0,0.0,1.0,8.0,0.0,0.0,0.0
425,51.19380000000004,6.7174,0.0,0.0,1.0,8.0,0.0,0.0,0.0
426,51.19880000000004,6.7124,0.0,0.0,1.0,9.0,0.0,1.0,0.0
427,51.19880000000004,6.7174,0.0,0.0,1.0,8.0,0.0,0.0,0.0
428,51.243800000000064,6.787399999999998,0.0,0.0,3.0,5.0,2.0,2.0,0.0
429,51.1238,6.782399999999998,0.0,0.0,1.0,0.0,0.0,4.0,0.0
430,51.23380000000006,6.7223999999999995,0.0,0.0,3.0,2.0,0.0,1.0,0.0
431,51.32880000000011,6.832399999999997,0.0,0.0,1.0,1.0,0.0,0.0,0.0
432,51.33380000000011,6.832399999999997,0.0,0.0,1.0,1.0,0.0,0.0,0.0
433,51.188800000000036,6.792399999999998,0.0,0.0,3.0,1.0,0.0,2.0,0.0
434,51.26880000000008,6.852399999999997,0.0,0.0,1.0,0.0,0.0,0.0,0.0
435,51.26880000000008,6.857399999999997,0.0,0.0,1.0,0.0,0.0,0.0,0.0
436,51.27380000000008,6.852399999999997,0.0,0.0,1.0,0.0,0.0,0.0,0.0
437,51.27380000000008,6.857399999999997,0.0,0.0,1.0,0.0,0.0,0.0,0.0
438,51.27380000000008,6.757399999999999,0.0,0.0,2.0,4.0,0.0,0.0,0.0
439,51.27380000000008,6.762399999999999,0.0,0.0,2.0,4.0,0.0,0.0,0.0
440,51.27880000000008,6.757399999999999,0.0,0.0,1.0,0.0,0.0,0.0,0.0
441,51.27880000000008,6.762399999999999,0.0,0.0,1.0,0.0,0.0,0.0,0.0
442,51.23380000000006,6.7124,0.0,0.0,3.0,2.0,0.0,1.0,0.0
443,51.23380000000006,6.7174,0.0,0.0,1.0,2.0,0.0,0.0,0.0
444,51.23880000000006,6.7124,0.0,0.0,3.0,0.0,0.0,1.0,0.0
445,51.23880000000006,6.7174,0.0,0.0,1.0,0.0,0.0,2.0,0.0
446,51.343800000000115,6.832399999999997,0.0,0.0,1.0,0.0,0.0,0.0,0.0
447,51.343800000000115,6.837399999999997,0.0,0.0,1.0,0.0,0.0,0.0,0.0
448,51.34880000000012,6.832399999999997,0.0,0.0,1.0,0.0,0.0,0.0,0.0
449,51.34880000000012,6.837399999999997,0.0,0.0,1.0,0.0,0.0,0.0,0.0
450,51.19380000000004,6.747399999999999,0.0,0.0,1.0,0.0,0.0,0.0,0.0
451,51.168800000000026,6.937399999999995,0.0,0.0,1.0,2.0,0.0,0.0,0.0
452,51.24880000000007,6.772399999999998,0.0,0.0,1.0,2.0,1.0,1.0,0.0
453,51.24880000000007,6.777399999999998,0.0,0.0,1.0,2.0,0.0,3.0,0.0
454,51.22880000000006,6.822399999999997,0.0,0.0,2.0,1.0,0.0,5.0,0.0
455,51.27880000000008,6.867399999999996,0.0,0.0,2.0,0.0,0.0,0.0,0.0
456,51.27880000000008,6.872399999999996,0.0,0.0,2.0,0.0,0.0,0.0,0.0
457,51.283800000000085,6.867399999999996,0.0,0.0,2.0,0.0,0.0,0.0,0.0
458,51.283800000000085,6.872399999999996,0.0,0.0,2.0,0.0,0.0,0.0,0.0
459,51.323800000000105,6.772399999999998,0.0,0.0,1.0,0.0,0.0,1.0,0.0
460,51.32880000000011,6.772399999999998,0.0,0.0,1.0,0.0,0.0,1.0,0.0
461,51.32880000000011,6.777399999999998,0.0,0.0,1.0,0.0,0.0,2.0,0.0
462,51.15880000000002,6.917399999999995,0.0,0.0,2.0,1.0,0.0,0.0,0.0
463,51.15880000000002,6.912399999999995,0.0,0.0,1.0,0.0,0.0,0.0,0.0
464,51.16380000000002,6.912399999999995,0.0,0.0,1.0,0.0,0.0,0.0,0.0
465,51.22880000000006,6.762399999999999,0.0,0.0,1.0,0.0,0.0,0.0,0.0
466,51.24880000000007,6.742399999999999,0.0,0.0,1.0,0.0,0.0,0.0,0.0
467,51.24880000000007,6.747399999999999,0.0,0.0,1.0,0.0,0.0,0.0,0.0
468,51.25380000000007,6.742399999999999,0.0,0.0,1.0,0.0,0.0,1.0,0.0
469,51.25380000000007,6.747399999999999,0.0,0.0,1.0,2.0,0.0,1.0,0.0
470,51.21880000000005,6.867399999999996,0.0,0.0,1.0,0.0,0.0,2.0,0.0
471,51.21880000000005,6.872399999999996,0.0,0.0,1.0,0.0,0.0,1.0,0.0
472,51.223800000000054,6.867399999999996,0.0,0.0,1.0,0.0,0.0,2.0,0.0
473,51.223800000000054,6.872399999999996,0.0,0.0,1.0,0.0,0.0,1.0,0.0
474,51.188800000000036,6.877399999999996,0.0,0.0,1.0,2.0,0.0,0.0,0.0
475,51.188800000000036,6.882399999999996,0.0,0.0,1.0,3.0,0.0,0.0,0.0
476,51.19380000000004,6.877399999999996,0.0,0.0,1.0,1.0,0.0,0.0,0.0
477,51.19380000000004,6.882399999999996,0.0,0.0,1.0,3.0,0.0,0.0,0.0
478,51.188800000000036,6.797399999999998,0.0,0.0,1.0,0.0,0.0,1.0,0.0
479,51.19380000000004,6.797399999999998,0.0,0.0,1.0,0.0,0.0,0.0,0.0
480,51.17880000000003,6.847399999999997,0.0,0.0,1.0,0.0,0.0,0.0,0.0
481,51.24880000000007,6.782399999999998,0.0,0.0,2.0,0.0,0.0,2.0,0.0
482,51.24880000000007,6.787399999999998,0.0,0.0,2.0,1.0,0.0,0.0,0.0
483,51.21380000000005,6.8173999999999975,0.0,0.0,1.0,2.0,0.0,0.0,0.0
484,51.21380000000005,6.822399999999997,0.0,0.0,1.0,2.0,0.0,0.0,0.0
485,51.21880000000005,6.6974,0.0,0.0,1.0,7.0,0.0,0.0,0.0
486,51.21880000000005,6.7024,0.0,0.0,1.0,3.0,0.0,0.0,0.0
487,51.23880000000006,6.7223999999999995,0.0,0.0,1.0,1.0,0.0,3.0,0.0
488,51.3088000000001,6.812399999999998,0.0,0.0,1.0,2.0,0.0,0.0,0.0
489,51.3088000000001,6.8173999999999975,0.0,0.0,1.0,2.0,0.0,0.0,0.0
490,51.26880000000008,6.757399999999999,0.0,0.0,1.0,4.0,0.0,0.0,0.0
491,51.26880000000008,6.762399999999999,0.0,0.0,1.0,4.0,0.0,0.0,0.0
492,51.29880000000009,6.807399999999998,0.0,0.0,1.0,1.0,0.0,0.0,0.0
493,51.303800000000095,6.807399999999998,0.0,0.0,1.0,0.0,0.0,0.0,0.0
494,51.168800000000026,6.747399999999999,0.0,0.0,1.0,1.0,0.0,1.0,0.0
495,51.168800000000026,6.752399999999999,0.0,0.0,1.0,0.0,0.0,0.0,0.0
496,51.17380000000003,6.747399999999999,0.0,0.0,1.0,0.0,0.0,1.0,0.0
497,51.17380000000003,6.752399999999999,0.0,0.0,1.0,0.0,0.0,0.0,0.0
498,51.23380000000006,6.7074,0.0,0.0,2.0,0.0,0.0,1.0,0.0
499,51.23880000000006,6.7074,0.0,0.0,2.0,0.0,0.0,1.0,0.0
500,51.28880000000009,6.8623999999999965,0.0,0.0,2.0,1.0,0.0,1.0,0.0
501,51.28880000000009,6.867399999999996,0.0,0.0,2.0,0.0,0.0,1.0,0.0
502,51.23880000000006,6.742399999999999,0.0,0.0,1.0,0.0,0.0,2.0,0.0
503,51.23880000000006,6.747399999999999,0.0,0.0,1.0,0.0,0.0,1.0,0.0
504,51.33880000000011,6.772399999999998,0.0,0.0,1.0,0.0,0.0,0.0,0.0
505,51.33880000000011,6.777399999999998,0.0,0.0,1.0,0.0,0.0,0.0,0.0
506,51.343800000000115,6.772399999999998,0.0,0.0,1.0,0.0,0.0,0.0,0.0
507,51.15880000000002,6.7174,0.0,0.0,1.0,0.0,0.0,1.0,0.0
508,51.15880000000002,6.7223999999999995,0.0,0.0,1.0,0.0,0.0,2.0,0.0
509,51.27880000000008,6.912399999999995,0.0,0.0,1.0,0.0,0.0,0.0,0.0
510,51.27880000000008,6.917399999999995,0.0,0.0,1.0,0.0,0.0,0.0,0.0
511,51.283800000000085,6.912399999999995,0.0,0.0,1.0,0.0,0.0,0.0,0.0
512,51.283800000000085,6.917399999999995,0.0,0.0,1.0,0.0,0.0,0.0,0.0
513,51.148800000000016,6.902399999999996,0.0,0.0,1.0,0.0,0.0,1.0,0.0
514,51.15380000000002,6.897399999999996,0.0,0.0,1.0,0.0,0.0,0.0,0.0
515,51.22880000000006,6.6874,0.0,0.0,1.0,0.0,0.0,0.0,0.0
516,51.22880000000006,6.6924,0.0,0.0,1.0,0.0,0.0,2.0,0.0
517,51.23380000000006,6.6924,0.0,0.0,1.0,1.0,0.0,1.0,0.0
518,51.15380000000002,6.7174,0.0,0.0,1.0,1.0,0.0,1.0,0.0
519,51.16380000000002,6.6974,0.0,0.0,1.0,0.0,0.0,0.0,0.0
520,51.16380000000002,6.7024,0.0,0.0,1.0,0.0,0.0,0.0,0.0
521,51.168800000000026,6.6974,0.0,0.0,1.0,0.0,0.0,3.0,0.0
522,51.168800000000026,6.7024,0.0,0.0,1.0,0.0,0.0,3.0,0.0
523,51.343800000000115,6.6824,0.0,0.0,1.0,0.0,0.0,0.0,0.0
524,51.34880000000012,6.6824,0.0,0.0,1.0,0.0,0.0,0.0,0.0
525,51.128800000000005,6.6974,0.0,0.0,1.0,0.0,0.0,0.0,0.0
526,51.128800000000005,6.7024,0.0,0.0,1.0,0.0,0.0,0.0,0.0
527,51.13380000000001,6.7024,0.0,0.0,1.0,0.0,0.0,1.0,0.0
528,51.128800000000005,6.792399999999998,0.0,0.0,1.0,0.0,0.0,0.0,0.0
529,51.128800000000005,6.797399999999998,0.0,0.0,1.0,0.0,0.0,0.0,0.0
530,51.13380000000001,6.792399999999998,0.0,0.0,1.0,0.0,0.0,0.0,0.0
531,51.13380000000001,6.797399999999998,0.0,0.0,1.0,0.0,0.0,0.0,0.0
532,51.3188000000001,6.807399999999998,0.0,0.0,1.0,0.0,0.0,0.0,0.0
533,51.3188000000001,6.812399999999998,0.0,0.0,1.0,0.0,0.0,0.0,0.0
534,51.323800000000105,6.807399999999998,0.0,0.0,1.0,0.0,0.0,0.0,0.0
535,51.18380000000003,6.932399999999995,0.0,0.0,1.0,0.0,1.0,0.0,0.0
536,51.188800000000036,6.927399999999995,0.0,0.0,1.0,0.0,0.0,0.0,0.0
537,51.188800000000036,6.932399999999995,0.0,0.0,1.0,0.0,0.0,0.0,0.0
538,51.168800000000026,6.867399999999996,0.0,0.0,0.0,3.0,0.0,2.0,3.0
539,51.168800000000026,6.872399999999996,0.0,0.0,0.0,3.0,0.0,0.0,3.0
540,51.17380000000003,6.867399999999996,0.0,0.0,0.0,2.0,0.0,5.0,3.0
541,51.17380000000003,6.872399999999996,0.0,0.0,0.0,2.0,0.0,1.0,3.0
542,51.18380000000003,6.7024,0.0,0.0,0.0,3.0,1.0,1.0,3.0
543,51.18380000000003,6.7074,0.0,0.0,0.0,2.0,1.0,0.0,5.0
544,51.29880000000009,6.867399999999996,0.0,0.0,0.0,1.0,0.0,1.0,3.0
545,51.15380000000002,6.727399999999999,0.0,0.0,0.0,3.0,0.0,1.0,9.0
546,51.15380000000002,6.732399999999999,0.0,0.0,0.0,2.0,0.0,2.0,8.0
547,51.15880000000002,6.727399999999999,0.0,0.0,0.0,1.0,0.0,1.0,8.0
548,51.15880000000002,6.732399999999999,0.0,0.0,0.0,1.0,0.0,2.0,8.0
549,51.17380000000003,6.6824,0.0,0.0,0.0,1.0,0.0,2.0,4.0
550,51.17380000000003,6.6874,0.0,0.0,0.0,1.0,0.0,1.0,5.0
551,51.17880000000003,6.6824,0.0,0.0,0.0,3.0,0.0,2.0,4.0
552,51.208800000000046,6.812399999999998,0.0,0.0,0.0,1.0,0.0,1.0,1.0
553,51.203800000000044,6.837399999999997,0.0,0.0,0.0,1.0,0.0,4.0,2.0
554,51.208800000000046,6.832399999999997,0.0,0.0,0.0,1.0,0.0,3.0,1.0
555,51.208800000000046,6.837399999999997,0.0,0.0,0.0,1.0,0.0,1.0,1.0
556,51.243800000000064,6.752399999999999,0.0,0.0,0.0,1.0,0.0,1.0,2.0
557,51.243800000000064,6.757399999999999,0.0,0.0,0.0,4.0,0.0,1.0,2.0
558,51.283800000000085,6.837399999999997,0.0,0.0,0.0,2.0,0.0,1.0,1.0
559,51.283800000000085,6.842399999999997,0.0,0.0,0.0,1.0,0.0,1.0,1.0
560,51.203800000000044,6.732399999999999,0.0,0.0,0.0,1.0,0.0,1.0,2.0
561,51.168800000000026,6.922399999999995,0.0,0.0,0.0,1.0,0.0,0.0,7.0
562,51.33380000000011,6.822399999999997,0.0,0.0,0.0,3.0,0.0,3.0,5.0
563,51.33880000000011,6.822399999999997,0.0,0.0,0.0,1.0,0.0,2.0,4.0
564,51.33880000000011,6.827399999999997,0.0,0.0,0.0,1.0,0.0,2.0,3.0
565,51.25880000000007,6.7673999999999985,0.0,0.0,0.0,2.0,0.0,4.0,2.0
566,51.263800000000074,6.7673999999999985,0.0,0.0,0.0,2.0,0.0,4.0,2.0
567,51.14380000000001,6.887399999999996,0.0,0.0,0.0,1.0,0.0,3.0,2.0
568,51.148800000000016,6.887399999999996,0.0,0.0,0.0,1.0,0.0,3.0,1.0
569,51.128800000000005,6.892399999999996,0.0,0.0,0.0,1.0,0.0,3.0,1.0
570,51.128800000000005,6.897399999999996,0.0,0.0,0.0,1.0,0.0,5.0,2.0
571,51.22880000000006,6.842399999999997,0.0,0.0,0.0,1.0,0.0,6.0,4.0
572,51.223800000000054,6.852399999999997,0.0,0.0,0.0,2.0,0.0,2.0,2.0
573,51.19880000000004,6.892399999999996,0.0,0.0,0.0,1.0,0.0,2.0,2.0
574,51.19880000000004,6.897399999999996,0.0,0.0,0.0,2.0,0.0,2.0,2.0
575,51.203800000000044,6.892399999999996,0.0,0.0,0.0,1.0,0.0,0.0,1.0
576,51.203800000000044,6.897399999999996,0.0,0.0,0.0,1.0,0.0,0.0,1.0
577,51.19380000000004,6.897399999999996,0.0,0.0,0.0,1.0,0.0,2.0,1.0
578,51.188800000000036,6.842399999999997,0.0,0.0,0.0,1.0,0.0,2.0,2.0
579,51.188800000000036,6.847399999999997,0.0,0.0,0.0,1.0,0.0,1.0,2.0
580,51.25880000000007,6.752399999999999,0.0,0.0,0.0,3.0,0.0,1.0,2.0
581,51.25880000000007,6.757399999999999,0.0,0.0,0.0,1.0,0.0,1.0,1.0
582,51.28880000000009,6.822399999999997,0.0,0.0,0.0,7.0,0.0,3.0,2.0
583,51.29380000000009,6.822399999999997,0.0,0.0,0.0,7.0,0.0,0.0,1.0
584,51.1238,6.7223999999999995,0.0,0.0,0.0,2.0,0.0,2.0,1.0
585,51.1238,6.727399999999999,0.0,0.0,0.0,3.0,0.0,2.0,1.0
586,51.21880000000005,6.852399999999997,0.0,0.0,0.0,1.0,0.0,0.0,1.0
587,51.15380000000002,6.877399999999996,0.0,0.0,0.0,1.0,0.0,2.0,3.0
588,51.15880000000002,6.877399999999996,0.0,0.0,0.0,1.0,0.0,3.0,2.0
589,51.17380000000003,6.732399999999999,0.0,0.0,0.0,1.0,0.0,1.0,1.0
590,51.25880000000007,6.747399999999999,0.0,0.0,0.0,2.0,0.0,1.0,2.0
591,51.23880000000006,6.732399999999999,0.0,0.0,0.0,3.0,0.0,2.0,1.0
592,51.148800000000016,6.892399999999996,0.0,0.0,0.0,1.0,0.0,3.0,1.0
593,51.17380000000003,6.812399999999998,0.0,0.0,0.0,1.0,0.0,2.0,1.0
594,51.19380000000004,6.812399999999998,0.0,0.0,0.0,1.0,0.0,1.0,1.0
595,51.27880000000008,6.822399999999997,0.0,0.0,0.0,1.0,0.0,1.0,1.0
596,51.27880000000008,6.827399999999997,0.0,0.0,0.0,1.0,0.0,1.0,1.0
597,51.283800000000085,6.822399999999997,0.0,0.0,0.0,1.0,0.0,4.0,2.0
598,51.283800000000085,6.827399999999997,0.0,0.0,0.0,1.0,0.0,3.0,2.0
599,51.168800000000026,6.917399999999995,0.0,0.0,0.0,1.0,0.0,0.0,1.0
600,51.15380000000002,6.932399999999995,0.0,0.0,0.0,1.0,0.0,1.0,2.0
601,51.15380000000002,6.937399999999995,0.0,0.0,0.0,1.0,0.0,0.0,2.0
602,51.21380000000005,6.6824,0.0,0.0,0.0,1.0,0.0,1.0,1.0
603,51.21880000000005,6.6874,0.0,0.0,0.0,2.0,0.0,1.0,1.0
604,51.283800000000085,6.847399999999997,0.0,0.0,0.0,1.0,0.0,1.0,3.0
605,51.283800000000085,6.852399999999997,0.0,0.0,0.0,1.0,0.0,2.0,3.0
606,51.23380000000006,6.842399999999997,0.0,0.0,0.0,1.0,0.0,2.0,1.0
607,51.16380000000002,6.6874,0.0,0.0,0.0,1.0,0.0,2.0,9.0
608,51.28880000000009,6.827399999999997,0.0,0.0,0.0,8.0,0.0,2.0,1.0
609,51.23380000000006,6.737399999999999,0.0,0.0,0.0,2.0,0.0,3.0,2.0
610,51.22880000000006,6.6824,0.0,0.0,0.0,2.0,0.0,0.0,1.0
611,51.16380000000002,6.827399999999997,0.0,0.0,0.0,1.0,0.0,3.0,1.0
612,51.16380000000002,6.832399999999997,0.0,0.0,0.0,1.0,0.0,2.0,1.0
613,51.23880000000006,6.8173999999999975,0.0,0.0,0.0,3.0,0.0,5.0,5.0
614,51.23880000000006,6.822399999999997,0.0,0.0,0.0,3.0,0.0,2.0,2.0
615,51.188800000000036,6.852399999999997,0.0,0.0,0.0,1.0,0.0,3.0,1.0
616,51.23880000000006,6.812399999999998,0.0,0.0,0.0,1.0,0.0,6.0,3.0
617,51.263800000000074,6.752399999999999,0.0,0.0,0.0,1.0,0.0,1.0,1.0
618,51.27880000000008,6.787399999999998,0.0,0.0,0.0,1.0,0.0,3.0,1.0
619,51.27880000000008,6.792399999999998,0.0,0.0,0.0,1.0,0.0,3.0,1.0
620,51.283800000000085,6.787399999999998,0.0,0.0,0.0,2.0,0.0,1.0,1.0
621,51.283800000000085,6.792399999999998,0.0,0.0,0.0,2.0,0.0,2.0,1.0
622,51.13380000000001,6.812399999999998,0.0,0.0,0.0,1.0,0.0,1.0,1.0
623,51.13880000000001,6.812399999999998,0.0,0.0,0.0,1.0,0.0,0.0,1.0
624,51.148800000000016,6.6974,0.0,0.0,0.0,1.0,0.0,3.0,1.0
625,51.15380000000002,6.6974,0.0,0.0,0.0,1.0,0.0,5.0,1.0
626,51.13880000000001,6.6974,0.0,0.0,0.0,1.0,0.0,1.0,1.0
627,51.323800000000105,6.782399999999998,0.0,0.0,0.0,1.0,0.0,1.0,1.0
628,51.19380000000004,6.917399999999995,0.0,0.0,0.0,1.0,0.0,2.0,1.0
629,51.15880000000002,6.902399999999996,0.0,0.0,0.0,2.0,0.0,0.0,2.0
630,51.15880000000002,6.9073999999999955,0.0,0.0,0.0,1.0,0.0,0.0,2.0
631,51.27380000000008,6.732399999999999,0.0,0.0,0.0,1.0,0.0,3.0,1.0
632,51.27380000000008,6.737399999999999,0.0,0.0,0.0,1.0,0.0,2.0,1.0
633,51.15380000000002,6.9073999999999955,0.0,0.0,0.0,1.0,0.0,1.0,1.0
634,51.17380000000003,6.932399999999995,0.0,0.0,0.0,1.0,0.0,2.0,1.0
635,51.28880000000009,6.832399999999997,0.0,0.0,0.0,2.0,0.0,1.0,1.0
636,51.29380000000009,6.832399999999997,0.0,0.0,0.0,1.0,0.0,0.0,1.0
637,51.1238,6.902399999999996,0.0,0.0,0.0,1.0,0.0,4.0,1.0
638,51.128800000000005,6.902399999999996,0.0,0.0,0.0,1.0,0.0,6.0,1.0
639,51.148800000000016,6.872399999999996,0.0,0.0,0.0,1.0,0.0,2.0,1.0
640,51.283800000000085,6.732399999999999,0.0,0.0,0.0,1.0,0.0,0.0,1.0
641,51.1238,6.9073999999999955,0.0,0.0,0.0,1.0,0.0,1.0,0.0
642,51.128800000000005,6.9073999999999955,0.0,0.0,0.0,1.0,0.0,4.0,0.0
643,51.168800000000026,6.6824,0.0,0.0,0.0,5.0,0.0,0.0,0.0
644,51.343800000000115,6.922399999999995,0.0,0.0,0.0,1.0,0.0,0.0,0.0
645,51.343800000000115,6.927399999999995,0.0,0.0,0.0,1.0,0.0,0.0,0.0
646,51.34880000000012,6.922399999999995,0.0,0.0,0.0,1.0,0.0,0.0,0.0
647,51.34880000000012,6.927399999999995,0.0,0.0,0.0,1.0,0.0,0.0,0.0
648,51.223800000000054,6.6824,0.0,0.0,0.0,2.0,0.0,0.0,0.0
649,51.17380000000003,6.937399999999995,0.0,0.0,0.0,1.0,0.0,0.0,0.0
650,51.21880000000005,6.6924,0.0,0.0,0.0,7.0,0.0,0.0,0.0
651,51.21380000000005,6.832399999999997,0.0,0.0,0.0,1.0,0.0,2.0,0.0
652,51.21380000000005,6.837399999999997,0.0,0.0,0.0,1.0,0.0,0.0,0.0
653,51.18380000000003,6.847399999999997,0.0,0.0,0.0,1.0,0.0,0.0,0.0
654,51.23380000000006,6.827399999999997,0.0,0.0,0.0,1.0,0.0,4.0,0.0
655,51.23880000000006,6.827399999999997,0.0,0.0,0.0,1.0,0.0,1.0,0.0
656,51.283800000000085,6.802399999999998,0.0,0.0,0.0,1.0,0.0,1.0,0.0
657,51.283800000000085,6.807399999999998,0.0,0.0,0.0,1.0,0.0,3.0,0.0
658,51.28880000000009,6.802399999999998,0.0,0.0,0.0,1.0,0.0,0.0,0.0
659,51.28880000000009,6.807399999999998,0.0,0.0,0.0,1.0,0.0,2.0,0.0
660,51.168800000000026,6.732399999999999,0.0,0.0,0.0,1.0,0.0,0.0,0.0
661,51.168800000000026,6.737399999999999,0.0,0.0,0.0,2.0,0.0,2.0,0.0
662,51.17380000000003,6.737399999999999,0.0,0.0,0.0,3.0,0.0,2.0,0.0
663,51.17880000000003,6.7024,0.0,0.0,0.0,3.0,0.0,1.0,0.0
664,51.25380000000007,6.8173999999999975,0.0,0.0,0.0,3.0,0.0,1.0,0.0
665,51.18380000000003,6.6824,0.0,0.0,0.0,4.0,0.0,0.0,0.0
666,51.263800000000074,6.772399999999998,0.0,0.0,0.0,4.0,0.0,3.0,0.0
667,51.26880000000008,6.7673999999999985,0.0,0.0,0.0,2.0,0.0,0.0,0.0
668,51.26880000000008,6.772399999999998,0.0,0.0,0.0,3.0,0.0,2.0,0.0
669,51.148800000000016,6.7024,0.0,0.0,0.0,1.0,0.0,0.0,0.0
670,51.15380000000002,6.7024,0.0,0.0,0.0,1.0,0.0,2.0,0.0
671,51.28880000000009,6.857399999999997,0.0,0.0,0.0,3.0,0.0,2.0,0.0
672,51.208800000000046,6.8623999999999965,0.0,0.0,0.0,1.0,0.0,2.0,0.0
673,51.168800000000026,6.6874,0.0,0.0,0.0,1.0,0.0,2.0,0.0
674,51.17880000000003,6.827399999999997,0.0,0.0,0.0,1.0,0.0,4.0,0.0
675,51.188800000000036,6.9073999999999955,0.0,0.0,0.0,1.0,0.0,0.0,0.0
676,51.188800000000036,6.912399999999995,0.0,0.0,0.0,3.0,0.0,0.0,0.0
677,51.188800000000036,6.917399999999995,0.0,0.0,0.0,2.0,0.0,0.0,0.0
678,51.15880000000002,6.897399999999996,0.0,0.0,0.0,1.0,0.0,0.0,0.0
679,51.303800000000095,6.822399999999997,0.0,0.0,0.0,1.0,0.0,0.0,0.0
680,51.303800000000095,6.827399999999997,0.0,0.0,0.0,1.0,0.0,0.0,0.0
681,51.3088000000001,6.822399999999997,0.0,0.0,0.0,1.0,0.0,0.0,0.0
682,51.3088000000001,6.827399999999997,0.0,0.0,0.0,1.0,0.0,0.0,0.0
683,51.17380000000003,6.742399999999999,0.0,0.0,0.0,2.0,0.0,2.0,0.0
684,51.17880000000003,6.737399999999999,0.0,0.0,0.0,1.0,0.0,1.0,0.0
685,51.17880000000003,6.742399999999999,0.0,0.0,0.0,1.0,0.0,0.0,0.0
686,51.203800000000044,6.6824,0.0,0.0,0.0,2.0,0.0,0.0,0.0
687,51.19380000000004,6.902399999999996,0.0,0.0,0.0,1.0,0.0,0.0,0.0
688,51.19880000000004,6.902399999999996,0.0,0.0,0.0,1.0,0.0,0.0,0.0
689,51.16380000000002,6.822399999999997,0.0,0.0,0.0,1.0,0.0,3.0,0.0
690,51.19380000000004,6.887399999999996,0.0,0.0,0.0,2.0,0.0,0.0,0.0
691,51.19880000000004,6.882399999999996,0.0,0.0,0.0,1.0,0.0,0.0,0.0
692,51.19880000000004,6.887399999999996,0.0,0.0,0.0,1.0,0.0,0.0,0.0
693,51.263800000000074,6.812399999999998,0.0,0.0,0.0,1.0,0.0,0.0,0.0
694,51.29380000000009,6.872399999999996,0.0,0.0,0.0,1.0,0.0,0.0,0.0
695,51.29880000000009,6.872399999999996,0.0,0.0,0.0,1.0,0.0,0.0,0.0
696,51.27880000000008,6.732399999999999,0.0,0.0,0.0,2.0,0.0,1.0,0.0
697,51.27880000000008,6.737399999999999,0.0,0.0,0.0,2.0,0.0,1.0,0.0
698,51.13380000000001,6.807399999999998,0.0,0.0,0.0,1.0,0.0,3.0,0.0
699,51.13880000000001,6.807399999999998,0.0,0.0,0.0,1.0,0.0,0.0,0.0
700,51.15880000000002,6.832399999999997,0.0,0.0,0.0,1.0,0.0,0.0,0.0
701,51.15880000000002,6.837399999999997,0.0,0.0,0.0,2.0,0.0,0.0,0.0
702,51.16380000000002,6.837399999999997,0.0,0.0,0.0,2.0,0.0,1.0,0.0
703,51.323800000000105,6.787399999999998,0.0,0.0,0.0,1.0,0.0,1.0,0.0
704,51.32880000000011,6.782399999999998,0.0,0.0,0.0,1.0,0.0,2.0,0.0
705,51.32880000000011,6.787399999999998,0.0,0.0,0.0,1.0,0.0,1.0,0.0
706,51.27380000000008,6.787399999999998,0.0,0.0,0.0,1.0,1.0,2.0,0.0
707,51.27380000000008,6.792399999999998,0.0,0.0,0.0,2.0,1.0,1.0,0.0
708,51.26880000000008,6.792399999999998,0.0,0.0,0.0,1.0,1.0,0.0,0.0
709,51.26880000000008,6.797399999999998,0.0,0.0,0.0,1.0,0.0,0.0,0.0
710,51.27380000000008,6.797399999999998,0.0,0.0,0.0,1.0,0.0,0.0,0.0
711,51.23880000000006,6.752399999999999,0.0,0.0,0.0,1.0,0.0,0.0,0.0
712,51.23880000000006,6.757399999999999,0.0,0.0,0.0,1.0,0.0,0.0,0.0
713,51.24880000000007,6.762399999999999,0.0,0.0,0.0,3.0,1.0,0.0,0.0
714,51.28880000000009,6.787399999999998,0.0,0.0,0.0,2.0,0.0,0.0,0.0
715,51.28880000000009,6.792399999999998,0.0,0.0,0.0,2.0,0.0,0.0,0.0
716,51.1238,6.732399999999999,0.0,0.0,0.0,1.0,0.0,4.0,0.0
717,51.263800000000074,6.777399999999998,0.0,0.0,0.0,2.0,0.0,1.0,0.0
718,51.25380000000007,6.7673999999999985,0.0,0.0,0.0,2.0,0.0,0.0,0.0
719,51.25380000000007,6.772399999999998,0.0,0.0,0.0,3.0,0.0,0.0,0.0
720,51.25880000000007,6.772399999999998,0.0,0.0,0.0,3.0,0.0,2.0,0.0
721,51.23880000000006,6.737399999999999,0.0,0.0,0.0,2.0,0.0,3.0,0.0
722,51.25880000000007,6.777399999999998,0.0,0.0,0.0,1.0,0.0,0.0,0.0
723,51.223800000000054,6.6924,0.0,0.0,0.0,5.0,0.0,1.0,0.0
724,51.15880000000002,6.842399999999997,0.0,0.0,0.0,1.0,0.0,0.0,0.0
725,51.16380000000002,6.842399999999997,0.0,0.0,0.0,1.0,0.0,0.0,0.0
726,51.208800000000046,6.6824,0.0,0.0,0.0,2.0,0.0,0.0,0.0
727,51.283800000000085,6.737399999999999,0.0,0.0,0.0,1.0,0.0,0.0,0.0
728,51.25380000000007,6.732399999999999,0.0,0.0,0.0,1.0,0.0,0.0,0.0
729,51.25380000000007,6.737399999999999,0.0,0.0,0.0,1.0,0.0,0.0,0.0
730,51.25880000000007,6.732399999999999,0.0,0.0,0.0,1.0,0.0,0.0,0.0
731,51.25880000000007,6.737399999999999,0.0,0.0,0.0,1.0,0.0,0.0,0.0
732,51.25380000000007,6.797399999999998,0.0,0.0,0.0,1.0,0.0,3.0,0.0
733,51.25880000000007,6.797399999999998,0.0,0.0,0.0,1.0,0.0,4.0,0.0
734,51.18380000000003,6.877399999999996,0.0,0.0,0.0,1.0,0.0,0.0,0.0
735,51.18380000000003,6.882399999999996,0.0,0.0,0.0,1.0,0.0,0.0,0.0
736,51.17880000000003,6.837399999999997,0.0,0.0,0.0,1.0,0.0,0.0,0.0
737,51.17880000000003,6.842399999999997,0.0,0.0,0.0,1.0,0.0,0.0,0.0
738,51.18380000000003,6.837399999999997,0.0,0.0,0.0,2.0,0.0,1.0,0.0
739,51.18380000000003,6.842399999999997,0.0,0.0,0.0,2.0,0.0,0.0,0.0
740,51.14380000000001,6.872399999999996,0.0,0.0,0.0,1.0,0.0,1.0,0.0
741,51.25380000000007,6.777399999999998,0.0,0.0,0.0,1.0,0.0,0.0,0.0
742,51.188800000000036,6.887399999999996,0.0,0.0,0.0,1.0,0.0,0.0,0.0
743,51.29380000000009,6.827399999999997,0.0,0.0,0.0,8.0,0.0,0.0,0.0
744,51.27380000000008,6.772399999999998,0.0,0.0,0.0,1.0,0.0,1.0,0.0
745,51.27880000000008,6.772399999999998,0.0,0.0,0.0,2.0,0.0,0.0,0.0
746,51.16380000000002,6.727399999999999,0.0,0.0,0.0,1.0,0.0,0.0,0.0
747,51.16380000000002,6.732399999999999,0.0,0.0,0.0,1.0,0.0,0.0,0.0
748,51.203800000000044,6.727399999999999,0.0,0.0,0.0,1.0,0.0,0.0,0.0
749,51.208800000000046,6.727399999999999,0.0,0.0,0.0,1.0,0.0,0.0,0.0
750,51.208800000000046,6.732399999999999,0.0,0.0,0.0,1.0,0.0,0.0,0.0
751,51.283800000000085,6.772399999999998,0.0,0.0,0.0,1.0,0.0,0.0,0.0
752,51.188800000000036,6.837399999999997,0.0,0.0,0.0,1.0,0.0,4.0,0.0
753,51.16380000000002,6.742399999999999,0.0,0.0,0.0,1.0,0.0,1.0,0.0
754,51.16380000000002,6.747399999999999,0.0,0.0,0.0,1.0,0.0,0.0,0.0
755,51.168800000000026,6.742399999999999,0.0,0.0,0.0,2.0,0.0,3.0,0.0
756,51.263800000000074,6.757399999999999,0.0,0.0,0.0,1.0,0.0,1.0,0.0
757,51.21380000000005,6.6974,0.0,0.0,0.0,1.0,0.0,0.0,0.0
758,51.21380000000005,6.7024,0.0,0.0,0.0,2.0,0.0,0.0,0.0
759,51.243800000000064,6.737399999999999,0.0,0.0,0.0,1.0,0.0,0.0,0.0
760,51.303800000000095,6.852399999999997,0.0,0.0,0.0,2.0,0.0,0.0,0.0
761,51.303800000000095,6.857399999999997,0.0,0.0,0.0,1.0,0.0,0.0,0.0
762,51.283800000000085,6.832399999999997,0.0,0.0,0.0,1.0,0.0,1.0,0.0
763,51.303800000000095,6.847399999999997,0.0,0.0,0.0,1.0,0.0,0.0,0.0
764,51.148800000000016,6.772399999999998,0.0,0.0,0.0,1.0,0.0,0.0,0.0
765,51.148800000000016,6.777399999999998,0.0,0.0,0.0,1.0,0.0,0.0,0.0
766,51.15380000000002,6.772399999999998,0.0,0.0,0.0,1.0,0.0,0.0,0.0
767,51.15380000000002,6.777399999999998,0.0,0.0,0.0,1.0,0.0,1.0,0.0
768,51.23380000000006,6.6974,0.0,0.0,0.0,1.0,0.0,3.0,0.0
769,51.13880000000001,6.7024,0.0,0.0,0.0,1.0,0.0,1.0,0.0
770,51.14380000000001,6.6974,0.0,0.0,0.0,1.0,0.0,0.0,0.0
771,51.14380000000001,6.7024,0.0,0.0,0.0,1.0,0.0,0.0,0.0
772,51.21380000000005,6.7074,0.0,0.0,0.0,1.0,0.0,0.0,0.0
773,51.21880000000005,6.7074,0.0,0.0,0.0,1.0,0.0,0.0,0.0
774,51.29880000000009,6.837399999999997,0.0,0.0,0.0,1.0,0.0,0.0,0.0
775,51.18380000000003,6.912399999999995,0.0,0.0,0.0,1.0,0.0,0.0,0.0
776,51.18380000000003,6.917399999999995,0.0,0.0,0.0,1.0,0.0,0.0,0.0
777,51.15380000000002,6.747399999999999,0.0,0.0,0.0,1.0,0.0,0.0,0.0
778,51.15380000000002,6.752399999999999,0.0,0.0,0.0,1.0,0.0,0.0,0.0
779,51.15880000000002,6.747399999999999,0.0,0.0,0.0,1.0,0.0,0.0,0.0
780,51.15880000000002,6.752399999999999,0.0,0.0,0.0,1.0,0.0,0.0,0.0
781,51.17880000000003,6.6974,0.0,0.0,0.0,1.0,0.0,1.0,0.0
782,51.343800000000115,6.857399999999997,0.0,0.0,0.0,1.0,0.0,0.0,0.0
783,51.343800000000115,6.8623999999999965,0.0,0.0,0.0,1.0,0.0,0.0,0.0
784,51.34880000000012,6.857399999999997,0.0,0.0,0.0,1.0,0.0,0.0,0.0
785,51.34880000000012,6.8623999999999965,0.0,0.0,0.0,1.0,0.0,0.0,0.0
786,51.148800000000016,6.7124,0.0,0.0,0.0,1.0,0.0,0.0,0.0
787,51.15380000000002,6.7124,0.0,0.0,0.0,1.0,0.0,0.0,0.0
788,51.29380000000009,6.802399999999998,0.0,0.0,0.0,1.0,0.0,0.0,0.0
789,51.29380000000009,6.807399999999998,0.0,0.0,0.0,1.0,0.0,0.0,0.0
790,51.29880000000009,6.802399999999998,0.0,0.0,0.0,1.0,0.0,0.0,0.0
791,51.19880000000004,6.7074,0.0,0.0,0.0,1.0,0.0,1.0,0.0
792,51.203800000000044,6.7074,0.0,0.0,0.0,2.0,0.0,1.0,0.0
793,51.203800000000044,6.7124,0.0,0.0,0.0,1.0,0.0,1.0,0.0
794,51.203800000000044,6.7024,0.0,0.0,0.0,1.0,0.0,0.0,0.0
795,51.208800000000046,6.7024,0.0,0.0,0.0,1.0,0.0,0.0,0.0
796,51.208800000000046,6.7074,0.0,0.0,0.0,1.0,0.0,0.0,0.0
797,51.188800000000036,6.7024,0.0,0.0,0.0,0.0,1.0,0.0,3.0
798,51.188800000000036,6.7074,0.0,0.0,0.0,0.0,1.0,0.0,3.0
799,51.17880000000003,6.932399999999995,0.0,0.0,0.0,0.0,1.0,1.0,0.0
800,51.17880000000003,6.937399999999995,0.0,0.0,0.0,0.0,1.0,0.0,0.0
801,51.18380000000003,6.937399999999995,0.0,0.0,0.0,0.0,1.0,0.0,0.0
802,51.24880000000007,6.7673999999999985,0.0,0.0,0.0,0.0,2.0,0.0,0.0
803,51.26880000000008,6.787399999999998,0.0,0.0,0.0,0.0,1.0,1.0,0.0
804,51.21880000000005,6.832399999999997,0.0,0.0,0.0,0.0,0.0,1.0,1.0
805,51.223800000000054,6.827399999999997,0.0,0.0,0.0,0.0,0.0,1.0,1.0
806,51.223800000000054,6.832399999999997,0.0,0.0,0.0,0.0,0.0,2.0,1.0
807,51.29880000000009,6.8623999999999965,0.0,0.0,0.0,0.0,0.0,2.0,3.0
808,51.283800000000085,6.812399999999998,0.0,0.0,0.0,0.0,0.0,2.0,3.0
809,51.283800000000085,6.8173999999999975,0.0,0.0,0.0,0.0,0.0,2.0,3.0
810,51.28880000000009,6.812399999999998,0.0,0.0,0.0,0.0,0.0,3.0,3.0
811,51.28880000000009,6.8173999999999975,0.0,0.0,0.0,0.0,0.0,3.0,4.0
812,51.208800000000046,6.897399999999996,0.0,0.0,0.0,0.0,0.0,1.0,1.0
813,51.208800000000046,6.902399999999996,0.0,0.0,0.0,0.0,0.0,1.0,1.0
814,51.21380000000005,6.897399999999996,0.0,0.0,0.0,0.0,0.0,1.0,2.0
815,51.21380000000005,6.852399999999997,0.0,0.0,0.0,0.0,0.0,3.0,2.0
816,51.23380000000006,6.802399999999998,0.0,0.0,0.0,0.0,0.0,2.0,3.0
817,51.26880000000008,6.832399999999997,0.0,0.0,0.0,0.0,0.0,1.0,1.0
818,51.27380000000008,6.832399999999997,0.0,0.0,0.0,0.0,0.0,1.0,1.0
819,51.19880000000004,6.732399999999999,0.0,0.0,0.0,0.0,0.0,1.0,2.0
820,51.19880000000004,6.737399999999999,0.0,0.0,0.0,0.0,0.0,1.0,2.0
821,51.203800000000044,6.737399999999999,0.0,0.0,0.0,0.0,0.0,1.0,2.0
822,51.1238,6.772399999999998,0.0,0.0,0.0,0.0,0.0,1.0,2.0
823,51.15880000000002,6.857399999999997,0.0,0.0,0.0,0.0,0.0,1.0,3.0
824,51.16380000000002,6.857399999999997,0.0,0.0,0.0,0.0,0.0,1.0,3.0
825,51.25880000000007,6.762399999999999,0.0,0.0,0.0,0.0,0.0,2.0,2.0
826,51.263800000000074,6.762399999999999,0.0,0.0,0.0,0.0,0.0,2.0,2.0
827,51.14380000000001,6.882399999999996,0.0,0.0,0.0,0.0,0.0,4.0,3.0
828,51.148800000000016,6.882399999999996,0.0,0.0,0.0,0.0,0.0,3.0,3.0
829,51.223800000000054,6.837399999999997,0.0,0.0,0.0,0.0,0.0,5.0,3.0
830,51.223800000000054,6.842399999999997,0.0,0.0,0.0,0.0,0.0,5.0,3.0
831,51.22880000000006,6.837399999999997,0.0,0.0,0.0,0.0,0.0,4.0,3.0
832,51.223800000000054,6.847399999999997,0.0,0.0,0.0,0.0,0.0,1.0,1.0
833,51.19380000000004,6.892399999999996,0.0,0.0,0.0,0.0,0.0,2.0,1.0
834,51.19380000000004,6.847399999999997,0.0,0.0,0.0,0.0,0.0,2.0,2.0
835,51.29380000000009,6.8173999999999975,0.0,0.0,0.0,0.0,0.0,1.0,1.0
836,51.22880000000006,6.6974,0.0,0.0,0.0,0.0,0.0,5.0,1.0
837,51.22880000000006,6.7024,0.0,0.0,0.0,0.0,0.0,3.0,1.0
838,51.208800000000046,6.842399999999997,0.0,0.0,0.0,0.0,0.0,1.0,2.0
839,51.208800000000046,6.847399999999997,0.0,0.0,0.0,0.0,0.0,4.0,2.0
840,51.21380000000005,6.842399999999997,0.0,0.0,0.0,0.0,0.0,1.0,2.0
841,51.21380000000005,6.847399999999997,0.0,0.0,0.0,0.0,0.0,3.0,2.0
842,51.14380000000001,6.902399999999996,0.0,0.0,0.0,0.0,0.0,3.0,1.0
843,51.15380000000002,6.882399999999996,0.0,0.0,0.0,0.0,0.0,3.0,2.0
844,51.15880000000002,6.882399999999996,0.0,0.0,0.0,0.0,0.0,3.0,1.0
845,51.18380000000003,6.7124,0.0,0.0,0.0,0.0,0.0,1.0,2.0
846,51.17880000000003,6.732399999999999,0.0,0.0,0.0,0.0,0.0,1.0,1.0
847,51.25880000000007,6.742399999999999,0.0,0.0,0.0,0.0,0.0,1.0,1.0
848,51.13880000000001,6.8623999999999965,0.0,0.0,0.0,0.0,0.0,2.0,1.0
849,51.168800000000026,6.7074,0.0,0.0,0.0,0.0,0.0,1.0,1.0
850,51.168800000000026,6.7124,0.0,0.0,0.0,0.0,0.0,1.0,1.0
851,51.19880000000004,6.847399999999997,0.0,0.0,0.0,0.0,0.0,2.0,1.0
852,51.19880000000004,6.852399999999997,0.0,0.0,0.0,0.0,0.0,2.0,1.0
853,51.203800000000044,6.847399999999997,0.0,0.0,0.0,0.0,0.0,2.0,1.0
854,51.16380000000002,6.877399999999996,0.0,0.0,0.0,0.0,0.0,2.0,1.0
855,51.17380000000003,6.927399999999995,0.0,0.0,0.0,0.0,0.0,2.0,4.0
856,51.17380000000003,6.912399999999995,0.0,0.0,0.0,0.0,0.0,1.0,1.0
857,51.17880000000003,6.912399999999995,0.0,0.0,0.0,0.0,0.0,1.0,1.0
858,51.148800000000016,6.932399999999995,0.0,0.0,0.0,0.0,0.0,1.0,2.0
859,51.21880000000005,6.6824,0.0,0.0,0.0,0.0,0.0,1.0,1.0
860,51.343800000000115,6.782399999999998,0.0,0.0,0.0,0.0,0.0,2.0,4.0
861,51.34880000000012,6.777399999999998,0.0,0.0,0.0,0.0,0.0,1.0,4.0
862,51.34880000000012,6.782399999999998,0.0,0.0,0.0,0.0,0.0,2.0,4.0
863,51.23380000000006,6.752399999999999,0.0,0.0,0.0,0.0,0.0,2.0,1.0
864,51.15880000000002,6.782399999999998,0.0,0.0,0.0,0.0,0.0,2.0,1.0
865,51.15880000000002,6.787399999999998,0.0,0.0,0.0,0.0,0.0,1.0,1.0
866,51.16380000000002,6.782399999999998,0.0,0.0,0.0,0.0,0.0,1.0,1.0
867,51.16380000000002,6.787399999999998,0.0,0.0,0.0,0.0,0.0,1.0,1.0
868,51.18380000000003,6.762399999999999,0.0,0.0,0.0,0.0,0.0,1.0,1.0
869,51.18380000000003,6.7673999999999985,0.0,0.0,0.0,0.0,0.0,1.0,1.0
870,51.168800000000026,6.857399999999997,0.0,0.0,0.0,0.0,0.0,3.0,2.0
871,51.168800000000026,6.8623999999999965,0.0,0.0,0.0,0.0,0.0,2.0,1.0
872,51.188800000000036,6.857399999999997,0.0,0.0,0.0,0.0,0.0,3.0,1.0
873,51.148800000000016,6.877399999999996,0.0,0.0,0.0,0.0,0.0,2.0,3.0
874,51.23380000000006,6.807399999999998,0.0,0.0,0.0,0.0,0.0,2.0,2.0
875,51.243800000000064,6.812399999999998,0.0,0.0,0.0,0.0,0.0,3.0,2.0
876,51.243800000000064,6.8173999999999975,0.0,0.0,0.0,0.0,0.0,2.0,3.0
877,51.23880000000006,6.807399999999998,0.0,0.0,0.0,0.0,0.0,2.0,1.0
878,51.243800000000064,6.802399999999998,0.0,0.0,0.0,0.0,0.0,2.0,2.0
879,51.243800000000064,6.807399999999998,0.0,0.0,0.0,0.0,0.0,1.0,2.0
880,51.24880000000007,6.802399999999998,0.0,0.0,0.0,0.0,0.0,2.0,3.0
881,51.24880000000007,6.807399999999998,0.0,0.0,0.0,0.0,0.0,3.0,3.0
882,51.13880000000001,6.882399999999996,0.0,0.0,0.0,0.0,0.0,3.0,1.0
883,51.16380000000002,6.6924,0.0,0.0,0.0,0.0,0.0,2.0,5.0
884,51.168800000000026,6.7174,0.0,0.0,0.0,0.0,0.0,2.0,1.0
885,51.168800000000026,6.7223999999999995,0.0,0.0,0.0,0.0,0.0,2.0,1.0
886,51.28880000000009,6.737399999999999,0.0,0.0,0.0,0.0,0.0,1.0,1.0
887,51.25880000000007,6.867399999999996,0.0,0.0,0.0,0.0,0.0,2.0,1.0
888,51.25880000000007,6.872399999999996,0.0,0.0,0.0,0.0,0.0,2.0,1.0
889,51.263800000000074,6.867399999999996,0.0,0.0,0.0,0.0,0.0,2.0,1.0
890,51.263800000000074,6.872399999999996,0.0,0.0,0.0,0.0,0.0,2.0,1.0
891,51.3088000000001,6.747399999999999,0.0,0.0,0.0,0.0,0.0,3.0,1.0
892,51.3088000000001,6.752399999999999,0.0,0.0,0.0,0.0,0.0,2.0,1.0
893,51.3138000000001,6.747399999999999,0.0,0.0,0.0,0.0,0.0,2.0,1.0
894,51.3138000000001,6.752399999999999,0.0,0.0,0.0,0.0,0.0,1.0,1.0
895,51.1238,6.842399999999997,0.0,0.0,0.0,0.0,0.0,2.0,1.0
896,51.343800000000115,6.7024,0.0,0.0,0.0,0.0,0.0,1.0,1.0
897,51.343800000000115,6.7074,0.0,0.0,0.0,0.0,0.0,1.0,1.0
898,51.19380000000004,6.922399999999995,0.0,0.0,0.0,0.0,0.0,2.0,1.0
899,51.19880000000004,6.917399999999995,0.0,0.0,0.0,0.0,0.0,2.0,1.0
900,51.19880000000004,6.922399999999995,0.0,0.0,0.0,0.0,0.0,2.0,1.0
901,51.17880000000003,6.927399999999995,0.0,0.0,0.0,0.0,0.0,1.0,2.0
902,51.26880000000008,6.732399999999999,0.0,0.0,0.0,0.0,0.0,2.0,1.0
903,51.26880000000008,6.737399999999999,0.0,0.0,0.0,0.0,0.0,1.0,1.0
904,51.18380000000003,6.827399999999997,0.0,0.0,0.0,0.0,0.0,1.0,1.0
905,51.18380000000003,6.832399999999997,0.0,0.0,0.0,0.0,0.0,2.0,1.0
906,51.13380000000001,6.742399999999999,0.0,0.0,0.0,0.0,0.0,6.0,1.0
907,51.13380000000001,6.747399999999999,0.0,0.0,0.0,0.0,0.0,4.0,1.0
908,51.13880000000001,6.742399999999999,0.0,0.0,0.0,0.0,0.0,3.0,1.0
909,51.13880000000001,6.747399999999999,0.0,0.0,0.0,0.0,0.0,2.0,1.0
910,51.3188000000001,6.732399999999999,0.0,0.0,0.0,0.0,0.0,2.0,1.0
911,51.3188000000001,6.737399999999999,0.0,0.0,0.0,0.0,0.0,1.0,1.0
912,51.323800000000105,6.732399999999999,0.0,0.0,0.0,0.0,0.0,1.0,1.0
913,51.208800000000046,6.9073999999999955,0.0,0.0,0.0,0.0,0.0,2.0,1.0
914,51.208800000000046,6.912399999999995,0.0,0.0,0.0,0.0,0.0,2.0,1.0
915,51.14380000000001,6.7174,0.0,0.0,0.0,0.0,0.0,1.0,1.0
916,51.14380000000001,6.7223999999999995,0.0,0.0,0.0,0.0,0.0,1.0,1.0
917,51.1238,6.897399999999996,0.0,0.0,0.0,0.0,0.0,5.0,1.0
918,51.16380000000002,6.797399999999998,0.0,0.0,0.0,0.0,0.0,1.0,1.0
919,51.16380000000002,6.802399999999998,0.0,0.0,0.0,0.0,0.0,1.0,1.0
920,51.168800000000026,6.797399999999998,0.0,0.0,0.0,0.0,0.0,1.0,1.0
921,51.168800000000026,6.802399999999998,0.0,0.0,0.0,0.0,0.0,3.0,1.0
922,51.14380000000001,6.877399999999996,0.0,0.0,0.0,0.0,0.0,1.0,1.0
923,51.16380000000002,6.882399999999996,0.0,0.0,0.0,0.0,0.0,2.0,0.0
924,51.17880000000003,6.867399999999996,0.0,0.0,0.0,0.0,0.0,3.0,0.0
925,51.168800000000026,6.837399999999997,0.0,0.0,0.0,0.0,0.0,1.0,0.0
926,51.15380000000002,6.782399999999998,0.0,0.0,0.0,0.0,0.0,1.0,0.0
927,51.15880000000002,6.777399999999998,0.0,0.0,0.0,0.0,0.0,1.0,0.0
928,51.29380000000009,6.912399999999995,0.0,0.0,0.0,0.0,0.0,2.0,0.0
929,51.29380000000009,6.917399999999995,0.0,0.0,0.0,0.0,0.0,2.0,0.0
930,51.29880000000009,6.912399999999995,0.0,0.0,0.0,0.0,0.0,2.0,0.0
931,51.29880000000009,6.917399999999995,0.0,0.0,0.0,0.0,0.0,2.0,0.0
932,51.25380000000007,6.822399999999997,0.0,0.0,0.0,0.0,0.0,1.0,0.0
933,51.25380000000007,6.827399999999997,0.0,0.0,0.0,0.0,0.0,1.0,0.0
934,51.25880000000007,6.827399999999997,0.0,0.0,0.0,0.0,0.0,1.0,0.0
935,51.18380000000003,6.8623999999999965,0.0,0.0,0.0,0.0,0.0,3.0,0.0
936,51.17880000000003,6.872399999999996,0.0,0.0,0.0,0.0,0.0,1.0,0.0
937,51.203800000000044,6.842399999999997,0.0,0.0,0.0,0.0,0.0,1.0,0.0
938,51.22880000000006,6.827399999999997,0.0,0.0,0.0,0.0,0.0,4.0,0.0
939,51.19880000000004,6.857399999999997,0.0,0.0,0.0,0.0,0.0,1.0,0.0
940,51.17880000000003,6.752399999999999,0.0,0.0,0.0,0.0,0.0,1.0,0.0
941,51.17880000000003,6.757399999999999,0.0,0.0,0.0,0.0,0.0,1.0,0.0
942,51.18380000000003,6.752399999999999,0.0,0.0,0.0,0.0,0.0,1.0,0.0
943,51.18380000000003,6.757399999999999,0.0,0.0,0.0,0.0,0.0,1.0,0.0
944,51.21880000000005,6.747399999999999,0.0,0.0,0.0,0.0,0.0,1.0,0.0
945,51.21880000000005,6.752399999999999,0.0,0.0,0.0,0.0,0.0,1.0,0.0
946,51.28880000000009,6.742399999999999,0.0,0.0,0.0,0.0,0.0,1.0,0.0
947,51.3088000000001,6.742399999999999,0.0,0.0,0.0,0.0,0.0,1.0,0.0
948,51.3138000000001,6.742399999999999,0.0,0.0,0.0,0.0,0.0,1.0,0.0
949,51.3138000000001,6.732399999999999,0.0,0.0,0.0,0.0,0.0,1.0,0.0
950,51.3138000000001,6.737399999999999,0.0,0.0,0.0,0.0,0.0,1.0,0.0
951,51.3188000000001,6.727399999999999,0.0,0.0,0.0,0.0,0.0,1.0,0.0
952,51.323800000000105,6.727399999999999,0.0,0.0,0.0,0.0,0.0,1.0,0.0
953,51.33380000000011,6.777399999999998,0.0,0.0,0.0,0.0,0.0,1.0,0.0
954,51.33380000000011,6.782399999999998,0.0,0.0,0.0,0.0,0.0,1.0,0.0
955,51.263800000000074,6.782399999999998,0.0,0.0,0.0,0.0,0.0,1.0,0.0
956,51.263800000000074,6.787399999999998,0.0,0.0,0.0,0.0,0.0,1.0,0.0
957,51.26880000000008,6.827399999999997,0.0,0.0,0.0,0.0,0.0,1.0,0.0
958,51.27380000000008,6.827399999999997,0.0,0.0,0.0,0.0,0.0,1.0,0.0
959,51.24880000000007,6.812399999999998,0.0,0.0,0.0,0.0,0.0,4.0,0.0
960,51.24880000000007,6.8173999999999975,0.0,0.0,0.0,0.0,0.0,1.0,0.0
961,51.25880000000007,6.792399999999998,0.0,0.0,0.0,0.0,0.0,2.0,0.0
962,51.263800000000074,6.792399999999998,0.0,0.0,0.0,0.0,0.0,1.0,0.0
963,51.263800000000074,6.797399999999998,0.0,0.0,0.0,0.0,0.0,1.0,0.0
964,51.26880000000008,6.8173999999999975,0.0,0.0,0.0,0.0,0.0,1.0,0.0
965,51.26880000000008,6.822399999999997,0.0,0.0,0.0,0.0,0.0,1.0,0.0
966,51.263800000000074,6.802399999999998,0.0,0.0,0.0,0.0,0.0,1.0,0.0
967,51.263800000000074,6.807399999999998,0.0,0.0,0.0,0.0,0.0,1.0,0.0
968,51.22880000000006,6.8623999999999965,0.0,0.0,0.0,0.0,0.0,1.0,0.0
969,51.22880000000006,6.832399999999997,0.0,0.0,0.0,0.0,0.0,2.0,0.0
970,51.23380000000006,6.832399999999997,0.0,0.0,0.0,0.0,0.0,1.0,0.0
971,51.24880000000007,6.902399999999996,0.0,0.0,0.0,0.0,0.0,1.0,0.0
972,51.24880000000007,6.9073999999999955,0.0,0.0,0.0,0.0,0.0,1.0,0.0
973,51.25380000000007,6.902399999999996,0.0,0.0,0.0,0.0,0.0,1.0,0.0
974,51.25380000000007,6.9073999999999955,0.0,0.0,0.0,0.0,0.0,1.0,0.0
975,51.21380000000005,6.827399999999997,0.0,0.0,0.0,0.0,0.0,2.0,0.0
976,51.148800000000016,6.9073999999999955,0.0,0.0,0.0,0.0,0.0,1.0,0.0
977,51.3088000000001,6.7074,0.0,0.0,0.0,0.0,0.0,1.0,0.0
978,51.3088000000001,6.7124,0.0,0.0,0.0,0.0,0.0,1.0,0.0
979,51.3138000000001,6.7074,0.0,0.0,0.0,0.0,0.0,1.0,0.0
980,51.3138000000001,6.7124,0.0,0.0,0.0,0.0,0.0,1.0,0.0
981,51.168800000000026,6.807399999999998,0.0,0.0,0.0,0.0,0.0,2.0,0.0
982,51.17380000000003,6.802399999999998,0.0,0.0,0.0,0.0,0.0,4.0,0.0
983,51.17380000000003,6.807399999999998,0.0,0.0,0.0,0.0,0.0,5.0,0.0
984,51.243800000000064,6.7174,0.0,0.0,0.0,0.0,0.0,2.0,0.0
985,51.243800000000064,6.7223999999999995,0.0,0.0,0.0,0.0,0.0,2.0,0.0
986,51.17880000000003,6.802399999999998,0.0,0.0,0.0,0.0,0.0,2.0,0.0
987,51.17880000000003,6.807399999999998,0.0,0.0,0.0,0.0,0.0,4.0,0.0
988,51.24880000000007,6.857399999999997,0.0,0.0,0.0,0.0,0.0,1.0,0.0
989,51.24880000000007,6.8623999999999965,0.0,0.0,0.0,0.0,0.0,1.0,0.0
990,51.25380000000007,6.857399999999997,0.0,0.0,0.0,0.0,0.0,1.0,0.0
991,51.25380000000007,6.8623999999999965,0.0,0.0,0.0,0.0,0.0,1.0,0.0
992,51.18380000000003,6.797399999999998,0.0,0.0,0.0,0.0,0.0,1.0,0.0
993,51.19380000000004,6.792399999999998,0.0,0.0,0.0,0.0,0.0,2.0,0.0
994,51.19880000000004,6.792399999999998,0.0,0.0,0.0,0.0,0.0,2.0,0.0
995,51.15880000000002,6.807399999999998,0.0,0.0,0.0,0.0,0.0,1.0,0.0
996,51.15880000000002,6.812399999999998,0.0,0.0,0.0,0.0,0.0,1.0,0.0
997,51.16380000000002,6.807399999999998,0.0,0.0,0.0,0.0,0.0,1.0,0.0
998,51.16380000000002,6.812399999999998,0.0,0.0,0.0,0.0,0.0,1.0,0.0
999,51.26880000000008,6.727399999999999,0.0,0.0,0.0,0.0,0.0,1.0,0.0
1000,51.27380000000008,6.727399999999999,0.0,0.0,0.0,0.0,0.0,1.0,0.0
1001,51.23380000000006,6.7024,0.0,0.0,0.0,0.0,0.0,2.0,0.0
1002,51.303800000000095,6.747399999999999,0.0,0.0,0.0,0.0,0.0,1.0,0.0
1003,51.303800000000095,6.752399999999999,0.0,0.0,0.0,0.0,0.0,1.0,0.0
1004,51.25380000000007,6.792399999999998,0.0,0.0,0.0,0.0,0.0,1.0,0.0
1005,51.25380000000007,6.782399999999998,0.0,0.0,0.0,0.0,0.0,1.0,0.0
1006,51.25380000000007,6.787399999999998,0.0,0.0,0.0,0.0,0.0,1.0,0.0
1007,51.25880000000007,6.782399999999998,0.0,0.0,0.0,0.0,0.0,1.0,0.0
1008,51.25880000000007,6.787399999999998,0.0,0.0,0.0,0.0,0.0,1.0,0.0
1009,51.19880000000004,6.797399999999998,0.0,0.0,0.0,0.0,0.0,2.0,0.0
1010,51.23380000000006,6.837399999999997,0.0,0.0,0.0,0.0,0.0,1.0,0.0
1011,51.16380000000002,6.8173999999999975,0.0,0.0,0.0,0.0,0.0,1.0,0.0
1012,51.15880000000002,6.852399999999997,0.0,0.0,0.0,0.0,0.0,1.0,0.0
1013,51.16380000000002,6.852399999999997,0.0,0.0,0.0,0.0,0.0,1.0,0.0
1014,51.13880000000001,6.857399999999997,0.0,0.0,0.0,0.0,0.0,2.0,0.0
1015,51.14380000000001,6.857399999999997,0.0,0.0,0.0,0.0,0.0,2.0,0.0
1016,51.15380000000002,6.737399999999999,0.0,0.0,0.0,0.0,0.0,2.0,0.0
1017,51.15880000000002,6.737399999999999,0.0,0.0,0.0,0.0,0.0,2.0,0.0
1018,51.29380000000009,6.812399999999998,0.0,0.0,0.0,0.0,0.0,1.0,0.0
1019,51.343800000000115,6.787399999999998,0.0,0.0,0.0,0.0,0.0,1.0,0.0
1020,51.34880000000012,6.787399999999998,0.0,0.0,0.0,0.0,0.0,1.0,0.0
1021,51.19380000000004,6.6974,0.0,0.0,0.0,0.0,0.0,1.0,0.0
1022,51.17880000000003,6.7174,0.0,0.0,0.0,0.0,0.0,1.0,0.0
1023,51.18380000000003,6.7174,0.0,0.0,0.0,0.0,0.0,1.0,0.0
1024,51.17880000000003,6.832399999999997,0.0,0.0,0.0,0.0,0.0,1.0,0.0
1025,51.168800000000026,6.6924,0.0,0.0,0.0,0.0,0.0,2.0,0.0
1026,51.19380000000004,6.852399999999997,0.0,0.0,0.0,0.0,0.0,2.0,0.0
1027,51.19380000000004,6.857399999999997,0.0,0.0,0.0,0.0,0.0,1.0,0.0
1028,51.27880000000008,6.797399999999998,0.0,0.0,0.0,0.0,0.0,1.0,0.0
1029,51.283800000000085,6.797399999999998,0.0,0.0,0.0,0.0,0.0,1.0,0.0
1030,51.13380000000001,6.9073999999999955,0.0,0.0,0.0,0.0,0.0,3.0,0.0
1031,51.15380000000002,6.887399999999996,0.0,0.0,0.0,0.0,0.0,3.0,0.0
1032,51.148800000000016,6.927399999999995,0.0,0.0,0.0,0.0,0.0,1.0,0.0
1033,51.15380000000002,6.927399999999995,0.0,0.0,0.0,0.0,0.0,1.0,0.0
1034,51.128800000000005,6.742399999999999,0.0,0.0,0.0,0.0,0.0,3.0,0.0
1035,51.128800000000005,6.747399999999999,0.0,0.0,0.0,0.0,0.0,2.0,0.0
1036,51.15380000000002,6.892399999999996,0.0,0.0,0.0,0.0,0.0,1.0,0.0
1037,51.1238,6.847399999999997,0.0,0.0,0.0,0.0,0.0,2.0,0.0
1038,51.188800000000036,6.8623999999999965,0.0,0.0,0.0,0.0,0.0,1.0,0.0
1039,51.13380000000001,6.7124,0.0,0.0,0.0,0.0,0.0,1.0,0.0
1040,51.13380000000001,6.7174,0.0,0.0,0.0,0.0,0.0,1.0,0.0
1041,51.13880000000001,6.7124,0.0,0.0,0.0,0.0,0.0,1.0,0.0
1042,51.13880000000001,6.7174,0.0,0.0,0.0,0.0,0.0,1.0,0.0
1043,51.128800000000005,6.807399999999998,0.0,0.0,0.0,0.0,0.0,3.0,0.0
1044,51.128800000000005,6.812399999999998,0.0,0.0,0.0,0.0,0.0,1.0,0.0
1045,51.128800000000005,6.802399999999998,0.0,0.0,0.0,0.0,0.0,2.0,0.0
1046,51.13380000000001,6.802399999999998,0.0,0.0,0.0,0.0,0.0,2.0,0.0
1047,51.33880000000011,6.7024,0.0,0.0,0.0,0.0,0.0,1.0,0.0
1048,51.33880000000011,6.7074,0.0,0.0,0.0,0.0,0.0,1.0,0.0
1049,51.17380000000003,6.6974,0.0,0.0,0.0,0.0,0.0,3.0,0.0
1050,51.17380000000003,6.7024,0.0,0.0,0.0,0.0,0.0,3.0,0.0
1051,51.27880000000008,6.802399999999998,0.0,0.0,0.0,0.0,0.0,1.0,0.0
1052,51.27880000000008,6.807399999999998,0.0,0.0,0.0,0.0,0.0,1.0,0.0
1053,51.32880000000011,6.912399999999995,0.0,0.0,0.0,0.0,0.0,1.0,0.0
1054,51.33380000000011,6.9073999999999955,0.0,0.0,0.0,0.0,0.0,1.0,0.0
1055,51.33380000000011,6.912399999999995,0.0,0.0,0.0,0.0,0.0,1.0,0.0
1056,51.283800000000085,6.857399999999997,0.0,0.0,0.0,0.0,0.0,1.0,0.0
1057,51.13380000000001,6.737399999999999,0.0,0.0,0.0,0.0,0.0,2.0,0.0
1058,51.13880000000001,6.737399999999999,0.0,0.0,0.0,0.0,0.0,1.0,0.0
1059,51.128800000000005,6.737399999999999,0.0,0.0,0.0,0.0,0.0,2.0,0.0
1060,51.16380000000002,6.737399999999999,0.0,0.0,0.0,0.0,0.0,1.0,0.0
1061,51.15880000000002,6.6974,0.0,0.0,0.0,0.0,0.0,2.0,0.0
1062,51.15880000000002,6.7024,0.0,0.0,0.0,0.0,0.0,2.0,0.0
1063,51.1238,6.737399999999999,0.0,0.0,0.0,0.0,0.0,3.0,0.0
1064,51.128800000000005,6.732399999999999,0.0,0.0,0.0,0.0,0.0,2.0,0.0
1065,51.128800000000005,6.727399999999999,0.0,0.0,0.0,0.0,0.0,1.0,0.0
1066,51.208800000000046,6.927399999999995,0.0,0.0,0.0,0.0,0.0,1.0,0.0
1067,51.208800000000046,6.932399999999995,0.0,0.0,0.0,0.0,0.0,1.0,0.0
1068,51.21380000000005,6.927399999999995,0.0,0.0,0.0,0.0,0.0,1.0,0.0
1069,51.21380000000005,6.932399999999995,0.0,0.0,0.0,0.0,0.0,1.0,0.0
1070,51.18380000000003,6.777399999999998,0.0,0.0,0.0,0.0,0.0,1.0,0.0
1071,51.18380000000003,6.782399999999998,0.0,0.0,0.0,0.0,0.0,1.0,0.0
1072,51.21880000000005,6.837399999999997,0.0,0.0,0.0,0.0,0.0,1.0,0.0
1073,51.1238,6.887399999999996,0.0,0.0,0.0,0.0,0.0,1.0,0.0
1074,51.1238,6.892399999999996,0.0,0.0,0.0,0.0,0.0,3.0,0.0
1075,51.1238,6.7174,0.0,0.0,0.0,0.0,0.0,1.0,0.0
1076,51.128800000000005,6.7174,0.0,0.0,0.0,0.0,0.0,1.0,0.0
1077,51.128800000000005,6.7223999999999995,0.0,0.0,0.0,0.0,0.0,1.0,0.0
1078,51.14380000000001,6.6874,0.0,0.0,0.0,0.0,0.0,1.0,0.0
1079,51.14380000000001,6.6924,0.0,0.0,0.0,0.0,0.0,1.0,0.0
1080,51.17380000000003,6.882399999999996,0.0,0.0,0.0,0.0,0.0,0.0,1.0
1081,51.17380000000003,6.887399999999996,0.0,0.0,0.0,0.0,0.0,0.0,1.0
1082,51.17880000000003,6.882399999999996,0.0,0.0,0.0,0.0,0.0,0.0,1.0
1083,51.17880000000003,6.887399999999996,0.0,0.0,0.0,0.0,0.0,0.0,1.0
1084,51.16380000000002,6.9073999999999955,0.0,0.0,0.0,0.0,0.0,0.0,2.0
1085,51.168800000000026,6.9073999999999955,0.0,0.0,0.0,0.0,0.0,0.0,1.0
1086,51.19880000000004,6.8623999999999965,0.0,0.0,0.0,0.0,0.0,0.0,1.0
1087,51.19880000000004,6.867399999999996,0.0,0.0,0.0,0.0,0.0,0.0,1.0
1088,51.203800000000044,6.8623999999999965,0.0,0.0,0.0,0.0,0.0,0.0,1.0
1089,51.203800000000044,6.867399999999996,0.0,0.0,0.0,0.0,0.0,0.0,1.0
1090,51.21880000000005,6.827399999999997,0.0,0.0,0.0,0.0,0.0,0.0,1.0
1091,51.26880000000008,6.837399999999997,0.0,0.0,0.0,0.0,0.0,0.0,1.0
1092,51.27380000000008,6.837399999999997,0.0,0.0,0.0,0.0,0.0,0.0,1.0
1093,51.21380000000005,6.892399999999996,0.0,0.0,0.0,0.0,0.0,0.0,1.0
1094,51.21880000000005,6.892399999999996,0.0,0.0,0.0,0.0,0.0,0.0,1.0
1095,51.21880000000005,6.897399999999996,0.0,0.0,0.0,0.0,0.0,0.0,2.0
1096,51.23880000000006,6.857399999999997,0.0,0.0,0.0,0.0,0.0,0.0,6.0
1097,51.23380000000006,6.8623999999999965,0.0,0.0,0.0,0.0,0.0,0.0,1.0
1098,51.23880000000006,6.8623999999999965,0.0,0.0,0.0,0.0,0.0,0.0,1.0
1099,51.17380000000003,6.727399999999999,0.0,0.0,0.0,0.0,0.0,0.0,1.0
1100,51.17880000000003,6.727399999999999,0.0,0.0,0.0,0.0,0.0,0.0,1.0
1101,51.16380000000002,6.887399999999996,0.0,0.0,0.0,0.0,0.0,0.0,1.0
1102,51.16380000000002,6.892399999999996,0.0,0.0,0.0,0.0,0.0,0.0,1.0
1103,51.168800000000026,6.887399999999996,0.0,0.0,0.0,0.0,0.0,0.0,1.0
1104,51.168800000000026,6.892399999999996,0.0,0.0,0.0,0.0,0.0,0.0,1.0
1105,51.263800000000074,6.742399999999999,0.0,0.0,0.0,0.0,0.0,0.0,1.0
1106,51.263800000000074,6.747399999999999,0.0,0.0,0.0,0.0,0.0,0.0,2.0
1107,51.13880000000001,6.867399999999996,0.0,0.0,0.0,0.0,0.0,0.0,1.0
1108,51.148800000000016,6.937399999999995,0.0,0.0,0.0,0.0,0.0,0.0,2.0
1109,51.15880000000002,6.6874,0.0,0.0,0.0,0.0,0.0,0.0,9.0
1110,51.188800000000036,6.752399999999999,0.0,0.0,0.0,0.0,0.0,0.0,1.0
1111,51.188800000000036,6.757399999999999,0.0,0.0,0.0,0.0,0.0,0.0,1.0
1112,51.223800000000054,6.897399999999996,0.0,0.0,0.0,0.0,0.0,0.0,1.0
1113,51.223800000000054,6.902399999999996,0.0,0.0,0.0,0.0,0.0,0.0,3.0
1114,51.23880000000006,6.802399999999998,0.0,0.0,0.0,0.0,0.0,0.0,1.0
1115,51.23880000000006,6.6874,0.0,0.0,0.0,0.0,0.0,0.0,1.0
1116,51.15880000000002,6.6924,0.0,0.0,0.0,0.0,0.0,0.0,5.0
1117,51.29880000000009,6.8173999999999975,0.0,0.0,0.0,0.0,0.0,0.0,1.0
1118,51.13380000000001,6.8173999999999975,0.0,0.0,0.0,0.0,0.0,0.0,1.0
1119,51.13880000000001,6.8173999999999975,0.0,0.0,0.0,0.0,0.0,0.0,1.0
1120,51.28880000000009,6.732399999999999,0.0,0.0,0.0,0.0,0.0,0.0,2.0
1121,51.13380000000001,6.6924,0.0,0.0,0.0,0.0,0.0,0.0,1.0
1122,51.13880000000001,6.6924,0.0,0.0,0.0,0.0,0.0,0.0,1.0
1123,51.1238,6.837399999999997,0.0,0.0,0.0,0.0,0.0,0.0,1.0
1124,51.32880000000011,6.897399999999996,0.0,0.0,0.0,0.0,0.0,0.0,3.0
1125,51.33380000000011,6.8173999999999975,0.0,0.0,0.0,0.0,0.0,0.0,1.0
1126,51.33880000000011,6.8173999999999975,0.0,0.0,0.0,0.0,0.0,0.0,1.0
1127,51.34880000000012,6.7024,0.0,0.0,0.0,0.0,0.0,0.0,1.0
1128,51.34880000000012,6.7074,0.0,0.0,0.0,0.0,0.0,0.0,1.0
1129,51.3188000000001,6.777399999999998,0.0,0.0,0.0,0.0,0.0,0.0,1.0
1130,51.3188000000001,6.782399999999998,0.0,0.0,0.0,0.0,0.0,0.0,1.0
1131,51.18380000000003,6.922399999999995,0.0,0.0,0.0,0.0,0.0,0.0,1.0
1132,51.243800000000064,6.822399999999997,0.0,0.0,0.0,0.0,0.0,0.0,1.0
1133,51.223800000000054,6.9073999999999955,0.0,0.0,0.0,0.0,0.0,0.0,2.0
1134,51.17380000000003,6.6924,0.0,0.0,0.0,0.0,0.0,0.0,1.0
1135,51.323800000000105,6.737399999999999,0.0,0.0,0.0,0.0,0.0,0.0,1.0
1136,51.303800000000095,6.737399999999999,0.0,0.0,0.0,0.0,0.0,0.0,1.0
1137,51.303800000000095,6.742399999999999,0.0,0.0,0.0,0.0,0.0,0.0,1.0
1138,51.283800000000085,6.727399999999999,0.0,0.0,0.0,0.0,0.0,0.0,1.0
1139,51.28880000000009,6.727399999999999,0.0,0.0,0.0,0.0,0.0,0.0,1.0
1140,51.29880000000009,6.6824,0.0,0.0,0.0,0.0,0.0,0.0,1.0
1141,51.303800000000095,6.6824,0.0,0.0,0.0,0.0,0.0,0.0,1.0
